pmid,title,abstract,journal,year,doi,pmcid,publication_types,topic,source,triage_category,triage_score,matched_concepts
42798566,The association between maternal diabetes and the risk of epilepsy in offspring: a systematic review and meta-analysis.,"BACKGROUND: Epilepsy is among the most prevalent neurological disorders in children, with nearly half of all cases remaining idiopathic. The global prevalence of maternal diabetes-encompassing both pregestational types (type 1 diabetes mellitus (T1DM) and type 2 diabetes mellitus (T2DM)) and gestational diabetes mellitus (GDM)-has been steadily increasing, raising growing concerns regarding its impact on offspring neurodevelopment. While accumulating evidence suggests that maternal diabetes is associated with an elevated risk of various neurodevelopmental disorders in children, its specific relationship with the risk of epilepsy remains unclear, with available data being both limited and conflicting. To address this gap, we conducted a meta-analysis to comprehensively evaluate the association between distinct types of maternal diabetes (pregestational and gestational) and the subsequent risk of epilepsy in offspring. METHODS: We systematically searched the PubMed, Embase, Web of Science, and the Cochrane Library for observational studies examining the association between maternal diabetes and offspring epilepsy risk, covering the period from database inception to July 2026. Two independent reviewers performed literature screening, data extraction, and risk-of-bias assessment. Statistical analyses were performed using Stata version 14.0. RESULTS: A total of three studies, encompassing 5,287,837 participants, met the inclusion criteria. Pregestational diabetes-both T1DM and T2DM-was significantly associated with an increased risk of epilepsy in offspring (T1DM: HR = 1.33, 95% CI [1.17, 1.52], P < 0.001; T2DM: HR = 1.38, 95% CI [1.25, 1.51], P < 0.001). Nevertheless, owing to the observational design of the included studies, these associations should not be interpreted as causal. Regarding GDM, the pooled estimate did not reach conventional statistical significance (HR = 1.04, 95% CI [0.93, 1.16], P = 0.469). Furthermore, sensitivity analyses revealed that this null finding lacked robustness, with the pooled estimate being substantially influenced by individual studies. Consequently, the current evidence is insufficient to either support or refute a conclusive association between GDM and offspring epilepsy, and any positive findings must be interpreted with considerable caution. CONCLUSIONS: This meta-analysis suggests that pregestational T1DM and T2DM may increase the risk of epilepsy in offspring. In contrast, for GDM, the available analytical evidence remains inconclusive and displays notable between-study heterogeneity; although the summary effect was not statistically significant, it proved highly unstable under sensitivity testing. Given the limited number of included studies and the inability to fully exclude residual confounding, the above findings-particularly those pertaining to GDM-should be regarded as exploratory rather than definitive causal inferences. Interpretation of these results warrants prudence. Future large-scale, high-quality prospective cohort studies are urgently needed to validate these observations, with special emphasis on stringent glycemic management in pregnant women with diabetes and long-term neurodevelopmental surveillance of their offspring. SYSTEMATIC REVIEW REGISTRATION: https://www.crd.york.ac.uk/PROSPERO/view/CRD420261465624, identifier CRD420261465624.",Frontiers in endocrinology,2026,10.3389/fendo.2026.1960502,PMC13612357,Journal Article; Systematic Review; Meta-Analysis,screening,PubMed,review,1,"risk_factors=age,gestational diabetes; experimental=rat; publication_type=systematic review,meta-analysis"
42767624,Lipoedema and Obesity Misclassification: A Phenotype Based Approach to Cardiometabolic Risk Beyond Body Mass Index.,"Lipoedema is a painful adipose tissue disorder marked by disproportionate limb fat and often misclassified as generalized obesity or lymphoedema. This review examines its metabolic phenotype and implications for cardiometabolic assessment and management. PubMed/MEDLINE was searched from inception through May 2026 for studies on lipoedema, obesity, body composition, metabolic risk, insulin resistance, diabetes, lifestyle interventions, pharmacotherapy and liposuction. Relevant clinical, mechanistic, review and consensus literature was narratively synthesized. Evidence is limited and heterogeneous, consisting mainly of observational cohorts, referral-centre series, mechanistic studies and consensus guidance, predominantly involving women. Some studies report fewer metabolic abnormalities in women with lipoedema than in women with BMI-matched lifestyle-related overweight or obesity. These findings do not establish metabolic protection and may reflect differences in central adiposity, disease stage, diagnostic criteria, body composition, inflammation or referral patterns. Obesity and glucose-lowering therapies, including glucagon-like peptide-1 receptor agonists, remain appropriate for established indications, but direct modification of lipoedema has not been demonstrated. Cardiometabolic risk in lipoedema should be assessed using a phenotype-based approach that distinguishes painful limb adiposity from central and ectopic fat while considering age, sex, menopausal status and established risk factors. BMI should be interpreted with waist measures, metabolic screening, body composition and muscle mass when relevant. Prospective studies using standardized diagnostic criteria, direct measures of insulin sensitivity, detailed body composition and clinically meaningful outcomes are needed to clarify long-term risk and distinguish lipoedema biology from coexisting central obesity.",Clinical obesity,2026,10.1111/cob.70115,PMC13593362,Journal Article; Review,screening,PubMed,review,7,"risk_factors=age,bmi,body mass index,central obesity,insulin resistance,obesity,overweight; prevention=lifestyle intervention; experimental=rat; publication_type=consensus"
42798462,Factors associated with sarcopenia in elderly patients with type 2 diabetes mellitus.,"BACKGROUND AND AIMS: Sarcopenia is a common geriatric syndrome that substantially impairs physical function, mobility, and quality of life in older patients with type 2 diabetes mellitus. However, evidence regarding factors associated with sarcopenia in this population remains fragmented and inconsistent, and previous studies have often included mixed-age populations or provided limited quantitative synthesis specifically focused on older adults. Therefore, this systematic review and meta-analysis aimed to comprehensively identify and quantify the associations between clinical factors and sarcopenia in older patients with type 2 diabetes mellitus, thereby providing age-specific evidence for clinical assessment, early identification, and individualized management. METHODS: Relevant studies examining factors associated with sarcopenia in older patients with type 2 diabetes mellitus were systematically searched in six databases: PubMed, Web of Science, Embase, the Cochrane Library, CNKI, and Wanfang Data. The search covered the period from database inception to January 2026. Study characteristics, participant characteristics, potential associated factors, and sarcopenia-related outcomes were extracted. The methodological quality of the included cross-sectional studies was assessed using the AHRQ checklist. Meta-analyses were conducted using Review Manager version 5.3. Continuous variables were pooled using mean differences or standardized mean differences, and dichotomous variables were pooled using odds ratios. Publication bias and small-study effects were assessed using funnel plots and Egger's regression test when at least 10 studies were available for a given outcome. For outcomes with substantial heterogeneity, REML-based 95% prediction intervals and exploratory univariable meta-regression analyses were conducted when sufficient data were available. The certainty of evidence for each pooled outcome was assessed using the GRADE approach. RESULTS: A total of 19 cross-sectional studies involving 4,727 older patients with type 2 diabetes mellitus were included. The included studies were of moderate to high methodological quality, with no low-quality studies identified. Sarcopenia was diagnosed using different criteria, including the Asian Working Group for Sarcopenia 2014 criteria, the AWGS 2019 criteria, the European Working Group on Sarcopenia in Older People criteria, and the revised EWGSOP2 criteria. Meta-analysis showed that patients with sarcopenia were significantly older than those without sarcopenia, and had a longer duration of diabetes, higher fasting blood glucose levels, higher HbA1c levels, lower body mass index, and lower hemoglobin levels. No statistically significant associations were observed for male sex, total cholesterol, triglycerides, HDL-C, LDL-C, serum albumin, 25(OH)D, hypertension, smoking exposure, insulin therapy, or coronary/ischemic heart disease. Although sensitivity analyses generally supported the directional stability of the main findings, substantial heterogeneity remained for several outcomes, and all REML-based 95% prediction intervals crossed the null value. Exploratory meta-regression identified geographic region as a significant moderator only for HbA1c. Egger's tests did not indicate statistically significant small-study effects for outcomes with sufficient studies. The certainty of evidence was rated as low for HDL-C, hypertension, and insulin therapy and as very low for all other pooled outcomes, primarily because of the cross-sectional study design, substantial inconsistency, and imprecision. CONCLUSION: In conclusion, older age, lower BMI, longer diabetes duration, higher fasting blood glucose, higher HbA1c, and lower hemoglobin levels were associated with sarcopenia in older patients with type 2 diabetes mellitus. However, the certainty of evidence was low to very low, and substantial heterogeneity and prediction intervals crossing the null value indicate that the magnitude and presence of these associations may vary across populations and clinical settings. These findings may heighten clinical suspicion during guideline-based sarcopenia assessment but should not be regarded as evidence of independent prediction, validated screening thresholds, or causality. Future prospective studies with standardized measurements and comprehensive adjustment for confounders are required. SYSTEMATIC REVIEW REGISTRATION: https://www.crd.york.ac.uk/prospero/, identifier CRD420261301123.",Frontiers in endocrinology,2026,10.3389/fendo.2026.1933664,PMC13612276,Journal Article; Systematic Review; Meta-Analysis,diagnosis,PubMed,review,1,"glycemic=fasting blood glucose,hba1c; risk_factors=age,bmi,body mass index,hypertension,smoking; exclusions=sarcopenia; established_t2d=diabetes duration,patients with type 2 diabetes; experimental=rat; publication_type=systematic review,meta-analysis,guideline"
42796983,"Dietary Bioactive Compounds: Cellular Sensory Pathways, Microbial Partners, and Clinical Realities.","Background/Objectives: Dietary bioactive compounds (BCs) modulate multiple cellular pathways involved in inflammation, oxidative stress, energy metabolism, and tissue homeostasis. This narrative review aimed to synthesize the mechanistic roles and therapeutic relevance of major dietary BC classes, including polyphenols, carotenoids, organosulfur compounds, and polyunsaturated fatty acids, in chronic non-communicable diseases. Methods: We conducted a narrative review to integrate current evidence on the classification, bioavailability, molecular targets, microbiota interactions, and clinical relevance of dietary BCs. The literature considered experimental, observational, and clinical studies addressing key signaling pathways, including NF-κB, Nrf2, AMPK, mTOR, SIRT1, PPARs, and the NLRP3 inflammasome, as well as the diet-microbiota-host axis. Results: The literature indicates that BCs exert pleiotropic effects through the coordinated modulation of transcription factors, metabolic sensors, nuclear receptors, and inflammatory mediators. Their biological activity is also shaped by bioavailability, food matrix effects, host metabolism, and gut microbial transformation into bioactive metabolites. Across obesity, type 2 diabetes, cardiovascular disease, inflammatory bowel disease, and neurodegenerative conditions, BCs appear associated with improved inflammatory, metabolic, and redox regulation. However, findings remain limited by heterogeneity in study design, intervention duration, and compound characterization. Conclusions: Dietary BCs show therapeutic potential as modulators of molecular and microbial pathways relevant to chronic diseases. However, greater standardization in study design and longer-term human trials are needed to support robust evidence-based recommendations.",Nutrients,2026,10.3390/nu18183001,PMC13610585,Journal Article; Review,diagnosis,PubMed,review,3,"risk_factors=diet,dietary,obesity; experimental=rat; publication_type=narrative review"
42798476,Dose-response and time-course effects of ecnoglutide in type 2 diabetes: a systematic review and meta-analysis of efficacy.,"BACKGROUND: Ecnoglutide, a novel long-acting GLP-1 receptor agonist, is considered a promising therapeutic option for the treatment of diabetes. This study aims to evaluate the efficacy and safety of ecnoglutide in adults with type 2 diabetes and to further investigate its dose-time relationship. METHODS: This study followed the PRISMA guidelines and systematically searched PubMed, Web of Science, Embase, and Cochrane Library, with the search updated through February 2026. Randomized controlled trials comparing ecnoglutide with placebo or the active control, dulaglutide, were included. The primary outcome was the change in HbA1c (%). Secondary outcomes included FPG, PPG, 7-point SMBG, body weight, adverse events, and serious adverse events. Risk of bias was assessed using the Cochrane RoB-2 tool. Meta-analyses employed a random-effects model, and mean differences and risk ratios were calculated with 95% confidence intervals. RESULTS: Three randomized controlled trials involving 977 participants were included. Compared with placebo, ecnoglutide significantly reduced HbA1c (MD = -1.40, 95% CI -1.65, -1.14, p < 0.00001), FPG (MD = -1.98, 95% CI -2.34, -1.63, p < 0.00001), PPG (MD = -4.88, 95% CI -6.32, -3.44, p < 0.00001), and body weight (MD = -2.16, 95% CI -2.62, -1.71, p < 0.00001). Additionally, compared with the placebo group, the incidence of adverse events was higher in the ecnoglutide group (OR = 2.03, 95% CI 1.24-3.32, p = 0.005), while there was no significant difference in the incidence of serious adverse events. Dose-response analysis showed that ecnoglutide exhibited a clear dose-dependent relationship for HbA1c, FPG, and body weight at doses ranging from 0.4 to 1.2 mg, while PPG was less affected by dose. Time-response analysis indicated that the hypoglycemic efficacy of ecnoglutide peaked around week 35 and subsequently plateaued, whereas body weight exhibited a sustained linear downward trend. CONCLUSION: Ecnoglutide significantly improved glycemic control and reduced body weight, although it was associated with a higher incidence of adverse events without increasing serious adverse events. Despite these promising findings, the evidence remains limited and requires confirmation in larger, multicenter randomized controlled trials. SYSTEMATIC REVIEW REGISTRATION: https://www.crd.york.ac.uk/PROSPERO/view/CRD420261327235, identifier CRD420261327235.",Frontiers in endocrinology,2026,10.3389/fendo.2026.1934027,PMC13612292,Journal Article; Systematic Review; Meta-Analysis,hba1c,PubMed,review,-5,"glycemic=hba1c; established_t2d=adults with type 2 diabetes; experimental=rat; publication_type=systematic review,meta-analysis,guideline"
42748597,"Effect of eating vegetables before carbohydrates on glucose, insulin and glycemic control - A systematic review and meta-analysis of randomized controlled trials.","BACKGROUND AND AIMS: It is discussed that eating vegetables before carbohydrates may reduce the increase of postprandial glucose and improve insulin secretion. However, findings of studies investigating the effectiveness are inconclusive. Therefore, the aim of this systematic review and meta-analysis was to assess the effects on glycemic control in adults with and without health conditions. METHODS: PubMed and the Cochrane Library were searched until September 2025. Randomized controlled trials (RCTs) examining the effect of a vegetable preload before carbohydrate consumption on postprandial and fasting glucose, insulin and HbA1c levels in adults were selected. RESULTS: In total, we included 18 RCTs. Using risk of bias tool RoB 2 ten trials were rated with moderate risk of bias and eight with a high risk. With very low certainty of evidence the intervention reduced postprandial glucose and insulin concentration after 30 min (MD (95% CI): -1.21 mmol/L [-1.75, -0.68] and -13.14 μU/mL [-18.63, -7.65]) and 60 min (-0.52 mmol/L [-0.67, -0.37]; and -12.03 μU/mL [-18.27, -5.78]) compared to their controls without vegetable preloads. After 120 min, postprandial glucose and insulin values were higher compared to the controls (0.24 mmol/L [0.06, 0.42] and 7.10 μU/mL [1.94, 12.26]). In people with type 2 diabetes, the intervention reduced HbA1c (baseline: 8.3 ± 1.7%, after 24 months: 6.8 ± 0.8%). CONCLUSION: Although this meta-analysis shows short-term improvements in glucose and insulin concentrations and individual studies indicate beneficial effects on HbA1c, the interpretability of these results is severely restricted due to methodological limitations. PROSPERO registration number: CRD42024529101.","Clinical nutrition (Edinburgh, Scotland)",2026,10.1016/j.clnu.2026.106775,,Journal Article,fasting_glucose,PubMed,review,3,"glycemic=fasting glucose,hba1c; experimental=rat; publication_type=systematic review,meta-analysis"
42799754,The impact of physical activity and exercise timing on metabolic health among individuals at high risk of type 2 diabetes.,"The timing of physical activity and exercise has been suggested to play a role in metabolic health. This narrative review synthesises current evidence on the impact of habitual physical activity and exercise timing on glucose homeostasis and insulin sensitivity, blood lipids and body composition among individuals with overweight, obesity and impaired glucose homeostasis. To this end, we reviewed evidence from both observational and experimental studies. Overall, current evidence on physical activity/exercise timing and metabolic health is inconsistent, with several studies reporting no significant time-dependent differences, and other studies suggesting more favourable glucose-related outcomes and improved insulin sensitivity and lipid profiles when physical activity/exercise is performed later in the day. Body composition outcomes appear to be largely independent of exercise timing. The interpretation of the current evidence is limited by the small number of studies, heterogenous study designs and variability in exercise modalities and durations. We identify important gaps in knowledge, particularly regarding sex-specific responses, the role of chronotype and the real-world feasibility of timing-based exercise recommendations. While engaging in physical activity or exercise at any time of day is more beneficial than remaining inactive, further studies are warranted to clarify the optimal timing for metabolic health in individuals at risk of type 2 diabetes.",Diabetologia,2026,10.1007/s00125-026-06871-7,7670795,Journal Article; Review,lifestyle,PubMed,review,3,"risk_factors=obesity,overweight,physical activity; experimental=rat; publication_type=narrative review"
42797057,Adipose Tissue Expandability as a Link Between Nutrition and Obesity-Related Metabolic Risk: Insights from Bariatric Surgery.,"Adipose tissue expandability refers to the capacity of white adipose tissue to store excess energy safely while preserving metabolic homeostasis. This adaptive response takes place via both an increase in adipocyte number (hyperplasia) and size (hypertrophy). Healthy expansion requires coordinated angiogenesis, extracellular matrix remodeling, and functional adipose stem and progenitor cells. Within this conceptual framework, when expandability is limited-due to genetic factors, aging, or chronic overnutrition-adipocyte hypertrophy predominates, which is hypothesized to trigger hypoxia, endoplasmic reticulum stress, chronic low-grade inflammation, and fibrosis. These changes are proposed to form a physical and metabolic barrier that compromises further safe lipid storage, potentially driving the spillover of surplus lipids to ectopic sites: the liver (promoting steatosis and hepatic insulin resistance), skeletal muscle (intramyocellular lipid accumulation and impaired glucose uptake), and pancreas (β-cell dysfunction and reduced insulin secretion). Lipotoxic intermediates such as diacylglycerols and ceramides activate protein kinase C isoforms and may impair insulin receptor signaling, thereby contributing to systemic insulin resistance. The clinical correlate is a spectrum of metabolic disorders including type 2 diabetes, dyslipidemia, metabolic dysfunction-associated steatotic liver disease, and cardiovascular disease. Understanding the determinants of adipose tissue expandability-from adipose stem cell function and angiogenesis to fibrosis and immune cell infiltration-provides a framework for identifying individuals at risk despite normal body weight and for developing targeted therapies that restore healthy adipose tissue expansion. The aim of this narrative review is to analyze how nutritional factors shape adipose tissue expandability and how limitations in expandability drive obesity-related metabolic disease. To this end, we leverage bariatric surgery as a physiological model illustrating how weight loss reduces lipid overflow while intrinsic adipose tissue expandability may remain incompletely restored.",Nutrients,2026,10.3390/nu18183075,PMC13610826,Journal Article; Review,lifestyle,PubMed,review,7,"risk_factors=age,dyslipidemia,insulin resistance,obesity; prevention=weight loss; experimental=rat; publication_type=narrative review"
42796084,GLP-1 Receptor Agonists and Tirzepatide in Men Seeking Fertility: A Structured Narrative Review and Proposed Clinical Framework.,"Glucagon-like peptide-1 (GLP-1) receptor agonists and the dual glucose-dependent insulinotropic polypeptide (GIP)/GLP-1 receptor agonist tirzepatide are increasingly used to treat obesity and type 2 diabetes in men of reproductive age, but practical guidance for counseling men planning fatherhood remains limited. This structured narrative review distinguishes endocrine, semen, sexual-function, and clinical fertility outcomes. In metabolically impaired men, studies largely involving liraglutide or semaglutide report increases in total testosterone; free-testosterone findings are inconsistent, and the available small short-term studies did not show the marked gonadotropin suppression expected with exogenous testosterone. Some studies report favorable changes in semen parameters, but samples are small, populations heterogeneous, and medication effects cannot be separated reliably from weight loss. The present search identified no adequately powered GLP-1-specific prospective study that prespecified sperm DNA fragmentation, natural conception, assisted-reproduction outcomes, clinical pregnancy, or live birth. Sexual-function findings are mixed and do not establish causality. Evidence on paternal preconception exposure is insufficient, and pregnancy-related label precautions do not by themselves establish risk from paternal exposure. No eligible controlled tirzepatide-specific study assessing semen or clinical fertility outcomes was identified by this search. These therapies should be used for established metabolic indications, not as male infertility treatments. The proposed framework is author-developed, evidence-informed, non-validated, and intended for individualized counseling and prospective evaluation.",Journal of clinical medicine,2026,10.3390/jcm15187313,PMC13607358,Journal Article; Review,lifestyle,PubMed,review,3,"risk_factors=age,obesity; prevention=weight loss; experimental=rat; publication_type=narrative review"
42794486,"Skeletal Muscle Effects of GLP 1 Receptor Agonists: Molecular Mechanisms and Comparative Insights on Semaglutide and Tirzepatide, a Narrative Review.","GLP-1 receptor agonists (GLP-1RAs), dual GLP-1/GIP agonists, and the more recent triple GLP-1/GIP/glucagon agonists have transformed the treatment of type 2 diabetes mellitus (T2DM) and obesity, resulting in significant weight reduction. However, a substantial proportion (20-40%) of this weight loss is attributable to a decrease in lean mass, thereby raising concerns regarding potential sarcopenia-related risk. However, decreased lean mass is not sufficient to determine sarcopenia, which is now defined by the combined presence of decreased muscle mass, diminished strength, and impaired physical function, particularly in older or frail individuals. Thus, a further clarification of the potential mechanisms through which these molecules affect skeletal muscle is needed to optimize their use. The objective of this study is to synthesize preclinical, metabolomic, and clinical evidence on the effects of GLP-1RAs and dual/triple agonists on skeletal muscle, with a specific comparison between semaglutide and tirzepatide. This narrative review was based on a comprehensive literature search of PubMed/MEDLINE, Scopus, and Google Scholar, encompassing articles published through June 2026. This search was supplemented by manual citation tracking, which identified additional studies including preclinical and metabolomic investigations, randomized controlled trials, observational studies, and meta-analyses. Preclinical data suggest that GLP-1R/GIPR activation can positively modulate anabolic pathways, mitochondrial biogenesis, and muscle inflammation. Metabolomic evidence reveals lipid and amino acid remodeling compatible with improved mitochondrial function. Clinically, lean mass loss proportional to weight reduction is consistently observed, generally without meaningful declines in strength or performance; data for tirzepatide are more limited. Lean mass, however, is not synonymous with skeletal muscle. A paradox emerges between the presence of protective molecular signals and the clinical evidence of lean-mass loss. This phenomenon may be explained by a systemic energy/protein deficit rather than a direct catabolic effect of the drugs, although current evidence does not fully distinguish these mechanisms. The effectiveness of weight reduction should be considered a pivotal metric in clinical practice, particularly in populations susceptible to sarcopenia.",International journal of molecular sciences,2026,10.3390/ijms27188057,PMC13607671,Journal Article; Review,lifestyle,PubMed,review,-2,"risk_factors=obesity; prevention=weight loss,weight reduction; exclusions=sarcopenia; experimental=rat; publication_type=narrative review"
42783805,"Coffee, the Gut Microbiome, and Host Metabolism: Gastrointestinal Fate, Microbial Transformation, Mechanistic Insights, and Prospects for Precision Nutrition.","Coffee is one of the most widely consumed beverages worldwide and a major dietary source of bioactive compounds, including caffeine, chlorogenic acids (CGAs), trigonelline, non-digestible polysaccharides, and roasting-derived melanoidins. Habitual coffee consumption has been associated with a lower risk of type 2 diabetes (T2D) and more favorable liver-related outcomes, whereas evidence regarding obesity and metabolic dysfunction-associated steatotic liver disease (MASLD) remains heterogeneous. These associations may reflect interactions among coffee constituents, the gut microbiota, and host metabolic phenotypes rather than the effects of individual compounds alone. In this focused narrative review, we integrate evidence on the gastrointestinal fate, microbial transformation, and systemic availability of major coffee constituents, with particular emphasis on short-chain fatty acids, CGA-derived phenolic acids, and microbiota-dependent bile acid metabolism. We examine how these pathways may influence intestinal barrier integrity, mucosal immunity, enteroendocrine signaling, and gut-liver communication then consider their potential relevance to the regulation of energy, glucose, and lipid metabolism. We evaluate the relevance of these pathways to obesity, T2D, and MASLD, as well as major sources of inter-individual variability, including host genetics, baseline microbiota, metabolic phenotypes, background diet, and coffee composition, processing, brewing, filtration, dose, and beverage additives. Finally, we discuss physiologically relevant exposure levels, candidate biomarkers of individual responses, and risk-benefit considerations. Although mechanistic and preclinical evidence is accumulating, human studies directly demonstrating that coffee-induced microbiota changes mediate beneficial metabolic outcomes remain limited. Future randomized and mechanistic studies should integrate chemically characterized coffee exposures with longitudinal microbiome, metabolomic, physiological, and clinically relevant outcome measurements.",Metabolites,2026,10.3390/metabo16090680,PMC13609105,Journal Article; Review,lifestyle,PubMed,review,5,"risk_factors=age,diet,dietary,obesity; experimental=rat; publication_type=narrative review"
42749129,Nutrition care and Dietetic Practice in Managing Metabolic and Endocrine Dysfunction in Polyendocrine Metabolic Ovarian Syndrome (PMOS): Implications and Opportunities in the Context of the Name Change of Polycystic Ovarian Syndrome (PCOS) to PMOS.,"Polyendocrine metabolic ovarian syndrome (PMOS) affects 8-13% of women across the lifespan. Those with PMOS have reduced quality of life and increased risk of co-morbidities including elevated weight, eating disorders, gestational diabetes, type 2 diabetes and cardiovascular disease. PMOS is a major population in clinical dietetic practice and dietary intervention is the first-line approach recommended to target metabolic risk in the international evidence-based guidelines for assessment and management of PCOS. The past name, polycystic ovary syndrome (PCOS) was ovarian-centric and did not accurately reflect the pathophysiology, endocrine or metabolic dysfunction of the syndrome. The new name PMOS has been determined by a rigorous global consensus process including 56 organizations, >14,000 survey responses and consultation with experts and patients in workshops that identified the need for accurate medical representation of the syndrome and a stigma-reducing name. Dietitians encounter PMOS patients with increased cardiometabolic risk that also experience high rates of elevated weight, weight-stigma and eating disorders. Nutrition care of PMOS patients often involves managing these conditions, use of anti-obesity and diabetes medications, conferring with prescribing clinicians and navigating patient goals and preferences. Improved recognition of the metabolic risks can strengthen alignment with dietary management approaches and referral to nutrition care services as part of the multidisciplinary care needed in those with PMOS. Dietitians can play a key role in managing nutritional misinformation, supporting patient health literacy and nutritional self-management. The new name can contribute to expanded opportunities for nutritional research that targets endocrine and metabolic outcomes to improve the clinical care, health and well-being of those living with PMOS. STATEMENT OF SIGNIFICANCE: Polyendocrine metabolic ovarian syndrome (PMOS) is the new name for polycystic ovary syndrome. This perspective article highlights the rationale for the name change related to endocrine features and metabolic risk and the role nutritional management and dietetic practice, highlighting recent updates on dietary approaches, body weight, anti-obesity medications and eating disorders in PMOS.","Advances in nutrition (Bethesda, Md.)",2026,10.1016/j.advnut.2026.100734,,Journal Article,clinical_guidelines,PubMed,review,2,"risk_factors=age,diet,dietary,gestational diabetes,obesity; prevention=dietary intervention; exclusions=cognition; experimental=rat; publication_type=consensus,guideline"
