pmid,title,abstract,journal,year,doi,pmcid,topic,source,relevance_score,relevance_bucket,triage_reason
42781403,Metabolic Risk Predictors Associated With the Onset of Vascular Complications Among Patients With Type 2 Diabetes in Zambia: A Retrospective Statistical Modeling Study.,"BACKGROUND AND AIMS: Diabetes mellitus contributes significantly to the global disease burden, affecting approximately 537 million adults worldwide, with over 75% residing in low and middle-income countries (LMICs). In Zambia, evidence on metabolic predictors of vascular complications among patients with Type 2 Diabetes Mellitus (T2DM) is limited. This study aimed to estimate the incidence of vascular complications and identify metabolic and clinical factors associated with their occurrence among newly diagnosed T2DM patients. METHODS: A retrospective cohort study was conducted among 315 adults aged ≥ 18 years, randomly selected from the University Teaching Hospital Diabetes Clinic registry in Zambia. Participants diagnosed between January 2013 and December 2016 were followed up until December 2023. Cox proportional hazards regression models estimated hazard ratios (HRs) at 95% confidence intervals, with best-fitting model identified using Akaike Information Criterion. Statistical significance was set at p < 0.05. RESULTS: Of 315 participants, 52.1% were female, with a mean age of 49.6 ± 13.5 years. Increasing age (HR = 1.047, 95% CI: 1.02-1.07, p = 0.001), hypertension (HR = 2.196, 95% CI: 1.58-3.03, p < 0.001), elevated cholesterol (HR = 1.533, 95% CI: 1.00-2.33, p = 0.048), and poor glycaemic control (HR = 10.047, 95% CI: 2.04-49.31, p = 0.004) were predictors. Overweight and obesity increased risk (HR = 2.035, 95% CI: 1.24-3.33, p = 0.005; HR = 1.812, 95% CI: 1.13-2.90, p = 0.005). Age-glycated hemoglobin interaction (HR = 1.006, 95% CI: 0.934-0.989, p = 0.007) indicated amplified poor glycaemic control effect with advancing age. CONCLUSION: Advancing age, hypertension, dyslipidaemia, obesity, and poor glycaemic control were key predictors. Age-HbA1c interaction underscores need for age-sensitive management. Integrating metabolic risk prediction could enhance early detection, risk stratification, and prevention, reducing diabetes burden in Zambia and LMICs.",Health science reports,2026,10.1136/jech-2023-221759,PMC11287557,prevention,PubMed,29,supporting,core topic:prevention; +early detection; +risk prediction; +prevention; +hba1c; +glycated hemoglobin; +obesity; +hypertension; -5rat; early-risk signal
42761404,Real-World Outcomes of Telemedicine Shared Medical Appointments in Obesity Management.,"INTRODUCTION: Shared Medical Appointments (SMAs) have recently emerged as a novel tool in weight management as they are efficient, bypass logistic barriers to physical attendance, decrease attrition, and are cost-effective. This study aimed to observe outcomes among patients enrolled in an insurance-based weight loss program, called Program for Reducing Obesity (PRO), utilizing telemedicine SMAs during a 12 month period of chronic weight management. METHODS: Patients of age ≥ 18 years with BMI ≥ 30 kg/m2 were enrolled in the program, consisting of telemedicine SMAs with an obesity medicine board-certified physician and a registered dietitian. The primary outcome was the change in body weight at 6 and 12 months. Secondary outcomes were changes in glycated hemoglobin (HgbA1c) and triglyceride (TG) levels. RESULTS: One hundred and nine patients, who had been enrolled in the program for about 18 months, were included in the study. The mean age was 62.40 ± 12.5 years. 73% were treated with obesity management medications. Patients attended an average of 10 classes through SMAs. 51% of patients had prediabetes, and 25% had Type 2 Diabetes Mellitus (DM). The mean weight of patients at baseline was 97.54 ± 19 kg, with an average weight loss of 2.38 ± 4.78 kg (2.43%) and 4.47 ± 7.77 kg (4.55%) at 6 and 12 months (p < 0.001). The mean baseline HgbA1c and TG levels were 5.96 ± 0.8% and 137.43 ± 112.4 mg/dL, respectively. HgbA1c levels decreased by 0.11 ± 0.65 (2.19%) and 0.20 ± 0.50 (3.70%) at 6 and 12 months, and TG levels decreased by 25.19 ± 104.60 mg/dL (33.60%) at 6 months and 35.83 ± 112.08 mg/dL (41.14%) at 12 months (p < 0.05). There were no statistically significant differences in weight loss between sexes, and regardless of the presence of DM, use of obesity management medications, or the number of classes attended. CONCLUSION: This study showed that telemedicine SMAs are an effective and efficient method for promoting weight loss, even in the ongoing maintenance phase.",Obesity science & practice,2026,10.1056/NEJMoa1105816,PMC5764193,prediabetes,PubMed,22,supporting,core topic:prediabetes; +prediabetes; +glycated hemoglobin; +obesity; +diet; early-risk signal
42798059,Serum FAM19A5 in newly diagnosed type 2 diabetes mellitus and its association with metabolic and inflammatory parameters: A case-control study.,"We aimed to investigate serum levels of FAM19A5, a novel adipokine implicated in inflammation and metabolic regulation, and to examine its association with key metabolic and inflammatory markers in individuals newly diagnosed with type 2 diabetes mellitus (T2DM). This case-control study included 54 patients with newly diagnosed T2DM and 54 age- and sex-matched normoglycemic controls aged 35 to 65 years. Continuous variables were summarized according to their distributions and compared using the independent-samples t test or Mann-Whitney U test, as appropriate. Spearman rank correlation was used to examine associations in the pooled sample, with false discovery rate correction for multiple testing. Subgroup analyses were conducted by metabolic syndrome, insulin resistance, and body mass index (BMI) category. The incremental value of FAM19A5 beyond conventional markers was explored using multivariable logistic regression and DeLong comparisons of the areas under the curve (AUCs). Serum FAM19A5 was lower in the T2DM group than in controls (376.1 [312.1-577.6] vs 554.5 [365.6-1524.2] ng/L; P < .001). In the pooled sample, FAM19A5 was inversely correlated with fasting glucose (ρ = -0.266, P = .005), 2-hour oral glucose tolerance test (ρ = -0.308, P = .001), and HbA1c (ρ = -0.212, P = .028), but not with BMI, waist circumference, lipid parameters, homeostasis model assessment of insulin resistance (HOMA-IR), or high-sensitivity C-reactive protein (hs-CRP). After false discovery rate correction, the associations with fasting and 2-hour oral glucose tolerance test remained significant. Within the T2DM group, FAM19A5 was lower in patients with metabolic syndrome (P = .004), insulin resistance (HOMA-IR > 2.71; P = .023), or BMI ≥25 kg/m² (P = .021). FAM19A5 alone showed poor discrimination for T2DM (AUC: 0.684; sensitivity: 66.7%; specificity: 53.7%). Adding FAM19A5 to a model containing BMI, HOMA-IR, and hs-CRP improved model fit (likelihood-ratio χ² = 13.1, P < .001) but not discrimination (AUC: 0.920 vs 0.943; DeLong P = .154). Serum FAM19A5 levels were lower in newly diagnosed T2DM and remained independently associated with diabetes status after adjustment for BMI, HOMA-IR, and hs-CRP. Correlations with glycemic measures were weak, and FAM19A5 alone had poor discriminatory performance. These findings support further investigation of FAM19A5 as a molecule of potential mechanistic interest, but not as a clinically useful diagnostic biomarker. Larger longitudinal studies are needed.",Medicine,2026,10.1097/MD.0000000000050782,,glucose,PubMed,18,supporting,core topic:glucose; +hba1c; +fasting glucose; +oral glucose tolerance; +glucose tolerance; +body mass index; +metabolic syndrome; -5rat
42769275,Comparison of 5-year glycemic outcomes after sleeve gastrectomy and Roux-en-Y gastric bypass in patients with pre-operative dysglycemia.,"OBJECTIVE: The long-term effects of bariatric surgery on glucose metabolism are well established; however, comparative data regarding glycemic outcomes after laparoscopic sleeve gastrectomy (LSG) and Roux-en-Y gastric bypass (RNYGB) in patients with pre-operative dysglycemia remain limited. This study aimed to compare 5-year glycemic outcomes following LSG and RNYGB in patients with prediabetes or Type 2 diabetes mellitus. METHODS: This retrospective cohort study included patients with pre-operative dysglycemia (HbA1c ≥5.7%) who underwent primary LSG or RNYGB between January 2010 and December 2021 at a tertiary referral center and had at least 5 years of follow-up. Demographic characteristics, HbA1c levels, weight loss outcomes, and glycemic status were evaluated. Glycemic status was categorized as diabetes, prediabetes, or normal glycemia according to HbA1c levels. RESULTS: A total of 142 patients were included, of whom 107 underwent LSG and 35 underwent RNYGB. Baseline HbA1c levels were similar between groups (7.70±1.83% vs. 6.87±1.53%, p=0.619). At 5 years, mean HbA1c was significantly lower in the RNYGB group compared with the LSG group (5.57±0.64% vs. 5.85±0.68%, p=0.033). Total weight loss percentage was greater after RNYGB (28.13±13.79% vs. 24.04±10.72%), although the difference was not statistically significant (p=0.084). Significant improvement in glycemic status was observed following bariatric surgery (p<0.001). At 5 years, normal glycemia was achieved in 44 (41.1%) patients after LSG and 22 (62.9%) patients after RNYGB, whereas persistent diabetes was observed in 10 (9.3%) and 2 (5.7%) patients, respectively. CONCLUSION: Bariatric surgery resulted in significant long-term improvement in glycemic status among patients with pre-operative dysglycemia. Although both LSG and RNYGB effectively reduced the prevalence of diabetes and prediabetes, RNYGB was associated with lower HbA1c levels and a higher proportion of patients achieving normal glycemia at 5 years. These findings suggest that RNYGB may provide superior long-term glycemic outcomes in patients with obesity-associated dysglycemia.",Northern clinics of Istanbul,2026,10.1007/s11695-024-07592-9,PMC11717815,prediabetes,PubMed,15,supporting,core topic:prediabetes; +prediabetes; +hba1c; +obesity; -5rat; early-risk signal
42787830,Efficacy of Dapagliflozin vs. Saroglitazar on Hepatic Steatosis and Fibrosis in Patients of Type 2 Diabetes Mellitus and Metabolic-Associated Steatotic Liver Disease (MASLD).,"INTRODUCTION: There is a rising prevalence of metabolic-associated steatotic liver disease (MASLD), particularly in patients with type 2 diabetes mellitus, which needs early detection and treatment to prevent the grave outcomes. Dapagliflozin and Saroglitazar are known to improve metabolic and liver health in patients with type 2 diabetes mellitus. METHODS: Our study was a randomised, controlled, open-label, parallel trial of 101 patients with T2DM and MASLD. Patients were randomly assigned to receive Dapagliflozin 10 mg or Saroglitazar 4 mg on top of standard diabetes care. The primary endpoints were changes in hepatic steatosis and fibrosis (FIB) as estimated by controlled attenuation parameter (CAP) and liver stiffness measurement (LSM) using FibroScan, respectively. The secondary endpoints were changes in anthropometric parameters, glycemic parameters, lipid profiles, transaminases, and FIB scores, which were monitored at baseline, 3 months, and 6 months. RESULTS: At the end of 6 months of study, both cohorts resulted in significant clinical benefits. Comparison between the two cohorts revealed no significant statistical difference between the two groups regarding their impact on the primary endpoints (CAP and LSM). Minimal but statistically significant intergroup differences were noted only for BMI (P = 0.033) and LDL cholesterol (P = 0.020) in the Dapagliflozin cohort and alanine transaminase levels (P = 0.037) in the Saroglitazar cohort. CONCLUSION: Both Dapagliflozin and Saroglitazar are potent therapeutic options in patients with type 2 diabetes mellitus who also have MASLD.",Indian journal of endocrinology and metabolism,2026,10.4103/ijem.ijem_848_25,PMC5504200,clinical_guidelines,PubMed,14,supporting,core topic:clinical_guidelines; +early detection; early-risk signal
42769672,Obstructive sleep apnoea and glucose dysregulation in type 2 diabetes: a systematic review of the literature.,"BACKGROUND: Obstructive sleep apnoea (OSA) and type 2 diabetes mellitus (T2DM) are common chronic conditions with a potentially bidirectional relationship mediated by insulin resistance, intermittent hypoxia, and systemic inflammation. However, evidence linking OSA with glucose dysregulation remains inconsistent. OBJECTIVE: To evaluate the association between OSA and glucose dysregulation, including prediabetes and T2DM, and related metabolic and cardiovascular outcomes. Methods: A PRISMA-based systematic review was conducted using major databases. RESULTS: In total, eleven studies from Asia, Europe, Africa, and South America were included in this review. The results show that OSA was consistently associated with poorer glycemic control, increased insulin resistance, and adverse metabolic profiles, with several studies demonstrating severity-dependent effects. In addition, poor sleep quality and short sleep duration were also linked to adverse metabolic outcomes, although findings were less consistent. Finally, limited evidence suggested that continuous positive airway pressure (CPAP) therapy may improve some metabolic and renal outcomes. CONCLUSION: OSA is consistently associated with impaired glucose metabolism and increased cardiometabolic risk in individuals with T2DM. Further longitudinal and interventional studies are needed to clarify causal pathways and the metabolic effects of OSA treatment. SYSTEMATIC REVIEW REGISTRATION: PROSPERO (CRD420261402284).",Frontiers in medicine,2026,10.1097/CM9.0000000000003862,PMC12721765,prediabetes,PubMed,14,supporting,core topic:prediabetes; +prediabetes; +impaired glucose; -5rat; early-risk signal
42774519,Decoding the Indian plate: dietary patterns and their glycemic implications in Type 2 diabetes mellitus-a narrative review.,"Type 2 diabetes mellitus (T2DM) is a major health challenge in India. Urbanization and nutritional factors, as well as genetic factors, contribute to the high prevalence of T2DM. The Indian diet is characterised by a high intake of carbohydrates from polished rice, wheat flour, and processed foods. This review explores the traditional and contemporary Indian diet and its role in glycemic control in patients with T2DM. Several studies have demonstrated the role of carbohydrates in glycemic control in patients with T2DM. Diets high in refined cereals have consistently shown a high glycemic response and have led to poor metabolic outcomes. On the other hand, diets containing millets, pulses, and vegetables have resulted in improved fasting glucose, postprandial glucose, and HbA1c levels. India is a large and diverse country with a wide variety of staple foods and diets. Recent studies have shown the impact of the balance and content of fiber, macronutrients, and phytochemicals in the diet, including traditional foods, with respect to glycemic control in patients with T2DM. Several dietary components commonly found in diverse traditional Indian food practices, including whole grains and millets, pulses and legumes, vegetables, dietary fibre, and appropriate protein sources, have been associated with favourable glycemic and metabolic outcomes. However, India has substantial regional dietary diversity, and current evidence remains insufficient to establish the superiority of any single traditional or regional Indian dietary pattern for the prevention or management of T2DM. These findings support the development of an evidence-based and culturally adaptable Indian plate that incorporates beneficial dietary components according to regional food preferences and individual metabolic needs.",Diabetology international,2026,10.1016/j.jnma.2024.01.004,PMC11993084,prevention,PubMed,13,supporting,core topic:prevention; +prevention; +hba1c; +fasting glucose; +diet; -5rat
42798433,Changes in short-chain fatty acids across the glycemic spectrum: a systematic review and meta-analysis.,"OBJECTIVE: Short-chain fatty acids (SCFAs) modulate insulin sensitivity, but evidence on their association with type 2 diabetes mellitus (T2DM) is inconsistent, possibly due to dynamic changes across the glycemic spectrum from normal glucose tolerance (NGT) to established T2DM. This systematic review characterizes stage-specific variation in SCFAs to assess their potential value as metabolic correlates of T2DM. METHODS: PubMed, Web of Science, Embase, and the Cochrane Library were searched up to December 2025 for observational studies on SCFAs involving participants with NGT, prediabetes (pre-DM), or established T2DM. Continuous/binary outcomes were expressed as standardized mean differences (SMDs)/odds ratios (ORs) with 95% confidence intervals (CIs). Newcastle-Ottawa Scale (NOS) and Agency for Healthcare Research and Quality (AHRQ) criteria assessed study quality. Data were pooled using fixed-effects or random-effects models according to I2 heterogeneity. Subgroup analyses, sensitivity analyses, and funnel plots were performed. RESULTS: 17 studies (7,371 participants) were included. Based on 6 studies, butyrate was significantly lower in T2DM than in NGT (SMD: -0.49, 95% CI [-0.96, -0.01]), and the finding was robust in sensitivity analyses, whereas the observed increase in valerate was not. No significant differences in SCFAs were found between pre-DM and NGT except for propionate (1 study). Single-study analyses using either SMD or OR indicated lower acetate levels in T2DM than in pre-DM. Fecal, but not circulating, acetate and butyrate were significantly lower in T2DM than in NGT, with a significant sample-type subgroup difference only for acetate. CONCLUSION: SCFA alterations were more evident in established T2DM than in pre-DM, with reduced butyrate emerging as the most consistent finding. Acetate showed a less consistent pattern, varying across glycemic comparisons and biological matrices. These findings highlight SCFAs as key metabolic correlates of T2DM and support further prospective and interventional research on their potential nutritional and metabolic relevance. SYSTEMATIC REVIEW REGISTRATION: https://www.crd.york.ac.uk/prospero/. The Systematic Review Registration PROSPERO (No. CRD420251245821).",Frontiers in public health,2026,10.1016/j.xcrm.2025.102237,PMC12281436,clinical_guidelines,PubMed,12,supporting,core topic:clinical_guidelines; +prediabetes; +glucose tolerance; -5rat; early-risk signal
42794540,"Coptidis Rhizoma for Obesity, Diabetes, and Dyslipidemia: An Integrated Meta-Analysis and In Silico Study.","Obesity, diabetes, and dyslipidemia form an interconnected metabolic disease cluster driven by insulin resistance and chronic inflammation. This study evaluated the clinical efficacy and multi-target mechanisms of Coptidis Rhizoma for these metabolic disorders through an integrated systematic review, meta-analysis of randomized controlled trials (RCTs), network pharmacology, and molecular docking. Meta-analysis of 19 RCTs (n = 1718) demonstrated that Coptidis-containing formulations, primarily as adjunctive therapy, significantly improved primary clinical endpoints across all three metabolic conditions: body mass index (BMI: SMD = -0.72, 95% CI [-1.00, -0.44], p < 0.00001), glycated hemoglobin (HbA1c: SMD = -0.77, 95% CI [-1.07, -0.47], p < 0.00001), and low-density lipoprotein cholesterol (LDL-C: SMD = -1.10, 95% CI [-1.57, -0.62], p < 0.00001). Network analysis revealed shared targets enriched in lipid metabolism, inflammatory signaling, and PI3K-Akt/MAPK cascades. Molecular docking demonstrated favorable structural compatibility and predicted docking scores (ranging from -7.1 to -9.5 kcal/mol) of berberine toward key hub proteins, including PIK3CA, JAK2, MAOA, and PARP1. Consequently, Coptidis Rhizoma provides tangible clinical benefits across interconnected metabolic outcomes via the multi-target regulation of inflammatory and insulin signaling pathways. Clinically, Coptidis-containing formulations show promise as a complementary adjunct to conventional metabolic therapies, though future large-scale, standardized RCTs remain necessary to confirm long-term safety and optimize dosing regimens.",International journal of molecular sciences,2026,10.1155/2012/591654,PMC3478874,clinical_guidelines,PubMed,11,supporting,core topic:clinical_guidelines; +hba1c; +glycated hemoglobin; +obesity; +body mass index; -5rat
42796419,Potentially Inappropriate Medication Use in Older Adults in Primary Care According to Four Explicit Criteria: Associations with Patient Factors.,"Background and Objectives: Potentially inappropriate medication (PIM) use is associated with adverse clinical outcomes in older adults. Several explicit screening tools are available for identifying PIMs, but Romanian data regarding the application of updated criteria remain limited. This study aimed to assess PIM identification according to the STOPP v3, Beers, EU(7)-PIM criteria and PRISCUS v2, to compare PIM counts and PIM presence across criteria, and to explore associations between PIM counts and selected patient characteristics. Materials and Methods: A retrospective observational study with a cross-sectional design was conducted in a single family medicine practice in Iasi, Romania, including 100 patients aged ≥ 65 years with at least one chronic condition and receiving at least two medications. Medications documented between January and June 2024 were assessed using the four explicit PIM criteria. One-way ANOVA with Bonferroni correction, repeated-measures ANOVA, agreement analyses, and Poisson regression models were used to examine differences between criteria and associations with patient characteristics, multimorbidity, and medication burden. Results: Mean PIM counts ranged from 0.75 for PRISCUS to 1.31 for STOPP. At least one PIM was identified in 73% of participants according to STOPP, 62% according to Beers, 60% according to EU(7)-PIM, and 53% according to PRISCUS. STOPP identified significantly more PIMs than each of the other three criteria (p < 0.001), while pairwise kappa coefficients ranged from 0.506 to 0.777. Among the 16 one-way ANOVA comparisons, only the association between obesity and EU(7)-PIM counts remained significant after Bonferroni correction (p < 0.001). In adjusted Poisson models, medication burden was associated with PIM counts according to STOPP (p < 0.001), Beers (p = 0.016), and EU(7)-PIM (p = 0.018). Obesity remained associated with EU(7)-PIM counts (p = 0.001), multimorbidity with STOPP PIM counts (p = 0.049), and sex with PRISCUS PIM counts (p = 0.030). Age, type 2 diabetes mellitus, and dyslipidemia were not independently associated with PIM counts. Conclusions: PIM identification varied according to the explicit criteria applied, with STOPP identifying the highest mean PIM count. Medication burden was the factor most consistently associated with PIM counts in adjusted analyses, while other patient characteristics showed criterion-specific associations. Given the small sample, single-practice setting, and non-probability sampling approach, these findings should be considered exploratory and require confirmation in larger, multicenter primary care studies.","Medicina (Kaunas, Lithuania)",2026,10.1136/bmjopen-2021-050344,PMC8451296,clinical_guidelines,PubMed,11,supporting,core topic:clinical_guidelines; +screening; +obesity; -5rat; early-risk signal
42788129,Insulin Resistance and Beta Cell Function in Hepatogenous Diabetes.,"INTRODUCTION: The present study aimed to examine the change in beta cell function and insulin resistance (IR) over 6 months in patients with liver cirrhosis (LC) and hepatogenous diabetes (HD) and to assess their correlation with liver disease severity. METHODS: One hundred and seventy-three patients with LC without a prior history/risk factors of type 2 diabetes mellitus and with non-diabetic fasting blood glucose and glycated haemoglobin were subjected to a 75-g oral glucose tolerance test (OGTT). Those with 2-h plasma glucose ≥140 mg/dl were categorised as having HD. Plasma insulin and glucose were analysed during OGTT. Indices for IR and beta cell function, such as Homeostatic Model Assessment for Insulin Resistance (HOMA-IR), oral glucose sensitivity index - 3 h (OGIS-3h) and insulinogenic index (IGI) were examined at baseline and repeated after a 6-month follow-up. RESULTS: HD was detected in 65.8% (114/173) of the study cohort. Eighty-nine patients were recruited to the study, and 40 were available for follow-up. The majority (89.8%) were males with a mean body mass index of 23 ± 4.1 kg/m2. Alcohol was the most common cause of LC (76.4%), and most (84.3%) belonged to Child-Turcot-Pugh (CTP) classes B and C. Plasma fasting insulin and HOMA-IR values were significantly higher in higher CTP classes and worsened at the 6-month follow-up. Peripheral insulin sensitivity measured by OGIS-3h was significantly worse in patients with a worse Model for End-Stage Liver Disease value at baseline but did not change during follow-up. Beta cell function measured by IGI was neither different across CTP classes at baseline nor changed during follow-up. CONCLUSION: Peripheral hyperinsulinaemia and IR, rather than beta cell dysfunction, predominate in patients with LC and glucose abnormalities on OGTT and worsen with worsening liver dysfunction.",Indian journal of endocrinology and metabolism,2026,10.4103/ijem.ijem_863_25,PMC12177161,glucose,PubMed,10,supporting,core topic:glucose; +risk factor; +oral glucose tolerance; +glucose tolerance; +body mass index; -5rat
42795722,Low Serum C-Peptide and Albuminuria Severity in Type 2 Diabetes Mellitus: A Cross-Sectional Study.,"Background/Objectives: Lower serum C-peptide, reflecting reduced beta-cell reserve, has been linked to diabetic complications, but whether these associations are independent of diabetes duration and glycaemic control is unclear. The objective of this study was to determine which microvascular and macrovascular complications of type 2 diabetes mellitus (T2DM) remain associated with fasting C-peptide after adjustment for these factors. Methods: In this single-centre, cross-sectional study with consecutive prospective enrolment, non-pregnant adults with an established diagnosis of T2DM attending routine outpatient follow-up were eligible; those with pancreatic malignancy or exocrine pancreatic insufficiency, monogenic or autoimmune diabetes, or acute hyperglycaemic crises were excluded. A total of 590 patients were stratified by fasting C-peptide into insufficient (<1.0 ng/mL; n = 35), borderline (1.0-1.8 ng/mL; n = 212) and normal/high (≥1.8 ng/mL; n = 343) groups. Logistic regression adjusted for age, sex, diabetes duration, HbA1c and body mass index assessed each complication. Receiver operating characteristic analysis using DeLong's test assessed incremental discrimination. Results: In the unadjusted analyses, every complication was more frequent at lower C-peptide. After adjustment, C-peptide was not associated with the presence of albuminuria (insufficient versus normal/high, odds ratio 1.60, 95% CI 0.16-15.86) but was strongly associated with its severity: for severely increased or nephrotic-range albuminuria, the adjusted odds ratios were 13.47 (5.33-34.07) and 6.90 (3.83-12.44) in the insufficient and borderline groups (both p < 0.001). Adding C-peptide to a model of diabetes duration, HbA1c and fasting glucose was associated with a statistically significant, but modest, improvement in discrimination for severe albuminuria (area under the curve of 0.748 to 0.783; ΔAUC = 0.035, p = 0.027). Associations with macrovascular complications were present in the unadjusted analyses but were substantially attenuated after adjustment and no longer statistically significant, except for peripheral arterial disease and foot ulcer, which remained associated with insufficient C-peptide in models based on small numbers of events and should be regarded as exploratory. Conclusions: Low C-peptide was independently associated with the severity of albuminuria rather than its presence and was associated with a modest incremental improvement in discrimination. These exploratory findings suggest that C-peptide, an inexpensive and widely available measurement, may provide information associated with advanced diabetic kidney disease; prospective, externally validated studies are needed before clinical application.",Journal of clinical medicine,2026,10.1016/s0140-6736(07)61602-x,PMC2288642,hba1c,PubMed,10,supporting,core topic:hba1c; +hba1c; +fasting glucose; +body mass index; +kidney disease; -5rat
42792796,"Circulating Ghrelin, Nesfatin-1, and Vaspin Levels Across Glycemic Control Categories in Type 2 Diabetes Mellitus: A Cross-Sectional Study.","Background/Objectives: Diabetes mellitus is characterized by chronic hyperglycemia, insulin resistance, and low-grade inflammation, and adipose-tissue-derived adipokines are increasingly implicated as regulators of glucose homeostasis. This study compared circulating ghrelin, nesfatin-1, and vaspin levels across three glycemic-control categories defined by HbA1c and evaluated their association with glycemic status. Methods: In this cross-sectional comparative study, serum ghrelin, nesfatin-1, and vaspin were measured by enzyme-linked immunosorbent assay (ELISA) in 161 adults stratified into three groups: HbA1c 6.0-8.4% (n = 55), HbA1c ≥ 8.5% (n = 52), and non-diabetic controls with HbA1c < 6.0% (n = 54). Distributional assumptions were tested with the Kolmogorov-Smirnov and Shapiro-Wilk tests. Because all three adipokines deviated from normality, the primary omnibus comparison was the Kruskal-Wallis test, followed by Dunn's post hoc test with Bonferroni adjustment; effect sizes are reported with 95% confidence intervals. Group differences were additionally examined after adjustment for age and sex, and HbA1c was analysed as a continuous variable. Results: Ghrelin (Kruskal-Wallis p = 0.726) and vaspin (p = 0.364) did not differ among the three groups. Nesfatin-1 differed significantly (H = 15.16, p < 0.001, ε2 = 0.095) and non-monotonically: concentrations were higher in the HbA1c 6.0-8.4% group than in controls (median 824 versus 650 pg/mL; Dunn p = 0.018) and than in the HbA1c ≥ 8.5% group (824 versus 600 pg/mL; p < 0.001), whereas the HbA1c ≥ 8.5% and control groups did not differ (p = 0.909). The nesfatin-1 difference persisted after adjustment for age and sex (p < 0.001) and after excluding controls with impaired fasting glucose (p < 0.001). Within the diabetic participants, nesfatin-1 correlated inversely with continuous HbA1c (ρ = -0.373, p < 0.001). Conclusions: Nesfatin-1, but not ghrelin or vaspin, differed significantly between HbA1c-defined glycemic-control categories in a non-monotonic manner, with the highest concentrations in the intermediate-HbA1c group. Because body mass index, diabetes duration, and antidiabetic medication were not available, and because the design is cross-sectional, these between-group differences cannot be interpreted as a within-person trajectory or attributed to glycemic status independently of adiposity. These exploratory findings require confirmation in larger, prospective, BMI- and medication-adjusted cohorts before nesfatin-1 can be considered a candidate biomarker.",Biomedicines,2026,10.2337/dc26-S009,PMC12690185,hba1c,PubMed,9,supporting,core topic:hba1c; +hba1c; +fasting glucose; +body mass index; -5rat
42795278,Feasibility of Multi-Wavelength LED Irradiation on the Skull and Preliminary Glycemic Outcomes in Individuals with Type 2 Diabetes: A Prospective Pilot Study.,"BACKGROUND: Type 2 diabetes mellitus (T2DM) is a chronic metabolic disorder characterized by impaired glucose homeostasis, insulin resistance, and progressive β-cell dysfunction. Increasing evidence suggests that glucose homeostasis is regulated not only by peripheral metabolic organs but also by central nervous system and autonomic pathways. Photobiomodulation (PBM) has been reported to modulate mitochondrial function, oxidative stress, vascular responses, and neural activity; however, its potential influence on glycemic outcomes remains largely unexplored. OBJECTIVE: This prospective pilot study aimed to evaluate the feasibility of applying multi-wavelength LED irradiation to a predefined cranial region and to explore preliminary glycemic outcomes in individuals with T2DM. METHODS: Seven participants with physician-diagnosed T2DM receiving stable antidiabetic medication regimens were enrolled. Multi-wavelength LED irradiation (660, 850, and 940 nm) was applied bilaterally to the predefined S3 region of the skull. Irradiation parameters included an irradiance of 5 mW/cm2 (0.005 W/cm2), an energy density of 4.5 J/cm2, and an exposure duration of 900 s per session. Treatments were administered three times weekly for four weeks (12 sessions). Primary outcome measures included fasting blood glucose (Glucose AC) and glycated hemoglobin (HbA1c). Secondary outcomes included mean blood glucose, fasting insulin, C-peptide, homeostasis model assessment of insulin resistance (HOMA-IR), lipid profile, and C-reactive protein (CRP). Exploratory paired statistical analyses were performed following assessment of data normality using the Shapiro-Wilk test. RESULTS: Following the four-week intervention, fasting blood glucose and mean blood glucose were significantly reduced (p = 0.026 and p = 0.044, respectively), whereas HbA1c demonstrated a borderline reduction (p = 0.051). Changes in fasting insulin, C-peptide, HOMA-IR, lipid profile, and CRP were variable and did not reach statistical significance. No intervention-related adverse events were observed, and all participants completed the study protocol. CONCLUSIONS: Multi-wavelength LED irradiation applied to the predefined S3 region of the skull was feasible, safe, and well tolerated in individuals with T2DM. The observed preliminary glycemic outcomes support the feasibility of further investigation in larger randomized controlled trials. However, because of the small sample size, absence of a control group, and exploratory study design, the present findings should be interpreted cautiously and should not be considered evidence of clinical efficacy or causal effects.","Life (Basel, Switzerland)",2026,10.2337/dc25-s002,PMC10725812,glucose,PubMed,9,supporting,core topic:glucose; +impaired glucose; +hba1c; +glycated hemoglobin; -5rat; established-T2D-only signal
42798402,Fecal microbiota transplantation from duodenal light stimulation-conditioned donors is associated with improved glucose tolerance and intestinal incretin-related remodeling in diabetic Goto-Kakizaki rats.,"BACKGROUND: Type 2 diabetes mellitus (T2DM) is a complex metabolic disorder characterized by impaired glucose homeostasis and β-cell dysfunction. Emerging evidence suggests that the gut microbiota-incretin axis may contribute to metabolic regulation. However, whether microbiota from duodenal light stimulation (DLS)-conditioned donors can influence metabolic phenotypes via fecal microbiota transplantation (FMT) remains unclear. METHODS: We evaluated whether FMT from DLS-conditioned donors was associated with metabolic and intestinal changes in diabetic GK (Goto-Kakizaki) rats. Recipients received FMT from week -2 to week 0 and were then followed for 7 weeks after the final FMT dose. Metabolic phenotyping, intestinal histology, short-chain fatty acid (SCFA) profiling, and shotgun metagenomic profiling of bacterial and viral communities were performed. RESULTS: FMT recipients showed within-group improvement in OGTT glucose profiles, without significant changes in fasting glucose levels. Total glucose AUC0-120 was significantly reduced within the FMT group in the within-group (period) comparison; however, the group × period interaction was not significant, indicating no statistically significant longitudinal between-group treatment effect. Early GLP-1 responses showed a modest increasing trend in FMT recipients, whereas total GLP-1 AUC0-120 was not significantly changed. HOMA-β (homeostatic model assessment of β-cell function) increased within the FMT group, and pancreatic insulin-positive area was greater in FMT recipients than in controls at the study endpoint. Intestinal remodeling was evident, including an increased villus:crypt ratio and increased colonic GLP-1-positive cells. FMT was associated with fecal bacteriome differences, including one FDR-significant taxon and several nominally associated taxa, such as Akkermansia muciniphila and Xylanibacter rodentium. No significant global shift in fecal virome composition was observed, although selected viral taxa showed nominal group-associated differences that did not remain significant after FDR correction. Exploratory network analysis suggested group-specific bacteriome-virome association patterns after FMT. CONCLUSION: FMT from DLS-conditioned donors was associated with improved glucose tolerance, intestinal incretin-related remodeling, increased pancreatic insulin-positive area, and fecal bacteriome differences in diabetic GK rats based on within-group longitudinal changes for the glucose- and β-cell-related outcomes, for which the group × period interactions were not significant, whereas the histological and microbiome differences reflect cross-sectional between-group comparisons at the study endpoint. These findings support a hypothesis-generating link between donor-conditioned FMT, intestinal remodeling, and microbiome-associated metabolic regulation, while further studies are required to define DLS-specific and donor-derived effects.",Frontiers in cellular and infection microbiology,2026,10.1128/mbio.02032-23,PMC10790698,medications,PubMed,8,supporting,support topic:medications; +impaired glucose; +fasting glucose; +glucose tolerance; -5rat
42793853,Lifestyle Adherence and Metabolic Control in Adults with Type 2 Diabetes: Development of a Lifestyle Compliance Index.,"Background: Lifestyle modification is central to type 2 diabetes mellitus (T2DM) management, but adherence is difficult to assess in routine care. We developed a pragmatic Lifestyle Compliance Index (LCI) from routinely collected behavioral variables and examined its cross-sectional associations with cardio-renal-metabolic measures. Objectives: To describe the LCI, compare outcomes across adherence categories, evaluate adjusted associations, and quantify incremental discrimination for prevalent metabolic and renal abnormalities. Methods: Adults with T2DM attending a specialized outpatient diabetes clinic in Romania were assessed using a standardized clinical questionnaire and routine laboratory data. The LCI combined seven binary behaviors and graded physical activity (0-2 points; theoretical range 0-9). Group comparisons, unadjusted bivariate and adjusted multivariable regressions, false discovery rate correction, and stratified five-fold cross-validated logistic models were used. Results: Among 232 participants, 231 had a complete LCI; low, moderate, and high adherence included 84 (36.4%), 94 (40.7%), and 53 (22.9%) participants, respectively. Higher LCI scores were associated with lower adiposity, HbA1c, TyG index, triglycerides, creatinine, and SCORE2-Diabetes risk and with higher eGFR. In models adjusted for age, sex, and diabetes duration, each LCI point was associated with lower odds of obesity (aOR 0.749), elevated TyG index (0.757), albuminuria (0.716), reduced eGFR (0.802), and HbA1c ≥ 7% (0.833). Adding LCI improved cross-validated discrimination most for albuminuria (AUC 0.482 to 0.642), obesity (0.489 to 0.619), and elevated TyG index (0.524 to 0.646). The baseline albuminuria AUC was below chance, and the extended AUC remained modest. Conclusions: In this cross-sectional sample, higher self-reported lifestyle adherence was associated with a more favorable cardio-renal-metabolic profile. The LCI should be considered exploratory until validated against objective measures and tested in larger prospective populations.","Diagnostics (Basel, Switzerland)",2026,10.1016/j.numecd.2026.104807,PMC9404918,clinical_guidelines,PubMed,7,supporting,core topic:clinical_guidelines; +hba1c; +obesity; +physical activity; +lifestyle; -5rat; established-T2D-only signal
