pmid,title,abstract,journal,year,doi,pmcid,publication_types,topic,source,triage_category,triage_score,matched_terms
42798482,A six-metabolite signature characterizes metabolically unhealthy obesity and reveals hidden metabolic risk within metabolically healthy obesity.,"BACKGROUND/OBJECTIVES: Metabolically healthy obesity (MHO) is commonly defined by the absence of metabolic syndrome-related abnormalities despite obesity. However, conventional clinical definitions may overlook substantial metabolic heterogeneity and hidden cardiometabolic risk. We aimed to identify metabolomic signatures distinguishing MHO from metabolically unhealthy obesity (MUHO), evaluate their discriminatory performance, and determine whether metabolomic profiling could further characterize heterogeneity within conventionally defined MHO. METHODS: We analyzed 13215 UK Biobank adults with obesity and available clinical biomarker and NMR-based metabolomic data. Metabolic health was defined using triglycerides, HDL cholesterol, hypertension, fasting glucose, type 2 diabetes, and lipid-lowering medication use. Univariable logistic regression and LASSO regression were used for metabolite selection. Logistic regression and XGBoost models were developed using clinical variables, metabolomic markers, and their combination. A weighted metabolic signature score was applied within the MHO group to characterize cross-sectional metabolic and clinical heterogeneity, and proteomic analyses were performed in approximately 1408 participants. RESULTS: A six-metabolite signature comprising HDL_size, S_HDL_CE, XL_HDL_TG, GlycA, M_VLDL_C, and Omega_3 was selected. The combined clinical-metabolomic model showed better discrimination than clinical variables alone in the test set, with AUCs of 0.78 and 0.69, respectively. Within MHO, higher metabolomic score was associated with higher triglycerides, HbA1c, waist-to-hip ratio, lower HDL cholesterol, and greater metabolic and cardiovascular comorbidity burden. Proteomic analyses identified 10 metabolite-associated core proteins implicating lipoprotein remodeling, adipokine signaling, inflammation, and vascular-related pathways. CONCLUSIONS: A six-metabolite signature distinguished MHO from MUHO and revealed hidden metabolic risk within conventionally defined MHO, provides a metabolomic framework for refining obesity phenotyping and warrants further validation before clinical translation.",Frontiers in endocrinology,2026,10.3389/fendo.2026.1910610,PMC13612310,Journal Article,hba1c,PubMed,peripheral,11,proteomic; metabolomic
42787683,A lipid metabolism-based gene signature defines diagnosis and molecular heterogeneity in diabetic nephropathy.,"OBJECTIVES: To identify lipid metabolism-related biomarkers of diabetic nephropathy (DN), develop and validate a diagnostic model, and further explore immune infiltration patterns and molecular subtypes of DN. MATERIALS AND METHODS: Multiple public transcriptomic datasets were integrated to identify lipid metabolism-related biomarkers for DN using differential expression analysis, weighted gene co-expression network analysis, and machine learning. A diagnostic model was then constructed from these biomarkers, and its performance was evaluated using ROC curve and nomogram analyses, followed by validation in an independent cohort. In addition, immune cell infiltration was assessed with the CIBERSORT algorithm, and consensus clustering identified molecular subtypes of DN. Finally, the findings were validated in a model of type 2 diabetes. RESULTS: A total of 28 lipid metabolism-related differentially expressed genes were identified, and five hub biomarkers (G0S2, PTGDS, CA2, CYP27B1, and HSD17B14) were screened and demonstrated favorable diagnostic performance in both training and validation cohorts. Functional enrichment analysis revealed that these genes were mainly involved in fatty acid metabolism and PPAR signaling pathways. Immune infiltration analysis revealed significant correlations between dysregulated lipid metabolism and immune cell infiltration in DN. Consensus clustering identified distinct molecular subtypes of DN with different lipid metabolic characteristics. Critically, bioinformatic predictions were validated in db/db mice, showing significantly elevated mRNA and protein levels of all five biomarkers in DN kidneys. CONCLUSION: Our findings reveal a validated lipid-metabolism-based diagnostic signature with potential for early detection, molecular stratification, and mechanistic investigation.",Iranian journal of basic medical sciences,2026,10.22038/ijbms.2026.94356.20339,PMC13602868,Journal Article,risk_prediction,PubMed,peripheral,5,mice; transcriptomic
42780389,Associations between carotid macrovascular and retinal microvascular alterations in diabetes: Evidence synthesis and implications for risk assessment.,"Diabetes mellitus is characterized by progressive vascular injury affecting both the microcirculation and large arteries. Diabetic retinopathy is a major microvascular complication and has been associated in observational studies with several carotid vascular phenotypes, including increased carotid intima-media thickness, focal plaque burden, arterial stiffness, plaque vulnerability markers, and, in selected cohorts, carotid stenosis. However, these carotid endpoints differ in measurement protocol, biological meaning, and prognostic implications, and most available evidence is cross-sectional. Retinal imaging modalities, including optical coherence tomography and optical coherence tomography angiography, provide quantitative measures such as vessel density, foveal avascular-zone size, retinal nerve fiber layer thickness, and choroidal thickness that may parallel systemic vascular injury, but validated thresholds for carotid disease detection have not been established. Shared mechanisms, including chronic hyperglycemia, endothelial dysfunction, inflammation, oxidative stress, dyslipidemia, and hypoxia-driven angiogenic signaling, may contribute to both retinal and carotid abnormalities; insulin resistance is particularly relevant to type 2 diabetes and metabolic syndrome, whereas diabetes duration and glycemic exposure are central across diabetes types. This narrative review therefore summarizes the associations between retinal microvascular changes and specific carotid vascular changes, while emphasizing that many findings may be influenced by shared risk factors and that most studies show association rather than causation or proven clinical utility. Current evidence supports multidisciplinary awareness and comprehensive cardiovascular risk-factor management in people with diabetes, but it does not yet justify retinal findings or OCTA metrics as validated triggers for screening asymptomatic patients with carotid ultrasonography. Prospective studies are needed to show whether combined retinal and carotid assessment improves diagnosis, risk prediction, cost-effectiveness, and patient outcomes before it can be recommended as a routine screening strategy.",Atherosclerosis plus,2026,10.1016/j.athplu.2026.100608,PMC13597187,Journal Article; Review,early_risk,PubMed,peripheral,4,diabetic retinopathy; retinopathy; carotid; vascular complication
42788116,Diabetic Myonecrosis: An Under-Recognised Complication of Poorly Controlled Diabetes with a High Morbidity- A Clinico-Radiological Study.,"INTRODUCTION: Diabetic myonecrosis is an uncommon and under-recognised complication of diabetes mellitus. We aimed to describe the clinical profile, imaging characteristics, management strategies, and outcomes of patients with diabetic myonecrosis. METHODS: This retrospective study included 30 patients diagnosed with diabetic myonecrosis between 2002 and 2024. Diagnosis - based on clinical suspicion, supported by characteristic ultrasonography and magnetic resonance imaging. Demographic data, diabetes characteristics, biochemical parameters, imaging features, management approaches, recurrence, and mortality were analysed. RESULTS: The mean age was 49.1 ± 11.7 years, with a mean diabetes duration of 12.6 ± 6.9 years and poor glycaemic control (HbA1c 8.83 ± 1.88%). Acute limb pain and swelling were the most common presentations (93.3%), predominantly involving the thigh and calf muscles. MRI revealed characteristic muscle oedema and infarction, frequently extending beyond the quadriceps to involve hamstrings, adductors, and posterior compartments. Diabetic nephropathy and retinopathy were present in 70% of patients. Most patients (83.3%) improved with conservative management. Recurrence occurred in 23.3% of cases, and the overall mortality rate was 33.3%. Recurrence was the strongest predictor of mortality (adjusted OR, 8.20; 95% CI, 1.45-46.40), while advanced kidney disease increased the risk, and higher serum albumin levels were protective. CONCLUSION: Diabetic myonecrosis should be considered in patients with diabetes who present with acute localised muscle pain; the presence of advanced CKD, significant proteinuria, or hypoalbuminemia identifies those at increased risk of adverse outcomes. MRI is the diagnostic modality of choice. Despite response to conservative therapy, high recurrence and mortality rates highlight the need for early recognition and long-term surveillance.",Indian journal of endocrinology and metabolism,2026,10.4103/ijem.ijem_1078_25,PMC13609916,Journal Article,hba1c,PubMed,peripheral,3,retinopathy; nephropathy; kidney disease
42785601,Platelet-to-high-density lipoprotein cholesterol ratio and risk of major adverse cardiovascular events in patients with type 2 diabetes: A real-world retrospective cohort study.,"BACKGROUND: Despite advances in evidence-based treatment, patients with type 2 diabetes mellitus (T2DM) remain at substantial cardiovascular risk. The platelet-to-high-density lipoprotein cholesterol ratio (PHR) integrates platelet-related thrombotic activity and HDL-related vascular protection, but its association with major adverse cardiovascular events (MACE) in real-world T2DM populations remains uncertain. We investigated the association of baseline PHR with MACE and its incremental prognostic value. METHODS: This single-center retrospective cohort included 11,624 patients with T2DM. PHR was calculated as platelet count (×109/L) divided by high-density lipoprotein cholesterol (mmol/L). Kaplan-Meier curves, multivariable Cox proportional hazards models, and restricted cubic splines were used to evaluate the association between baseline PHR and MACE (cardiovascular death, non-fatal myocardial infarction, or non-fatal stroke). Subgroup and sensitivity analyses assessed robustness, longitudinal reproducibility was evaluated among participants with repeated measurements, and incremental prognostic value was assessed using discrimination, reclassification, and calibration measures. RESULTS: During a median follow-up of 28.8 months (IQR, 5.0-67.5 months), 2190 patients (18.84%) experienced MACE. Each 1-SD higher baseline PHR was independently associated with a 20% higher MACE risk (HR, 1.20; 95% CI, 1.15-1.25; P < 0.001). Restricted cubic spline analysis indicated an approximately linear association, and no significant interactions were observed across the examined subgroups. Among participants with repeated measurements, PHR showed moderate longitudinal reproducibility (ICC, 0.68; 95% CI, 0.66-0.70). Adding PHR increased the C-index from 0.625 to 0.632 (ΔC-index, 0.007), indicating a modest improvement in predictive performance. CONCLUSIONS: Higher baseline PHR was independently associated with an increased risk of MACE in patients with T2DM. As an inexpensive and routinely available biomarker, PHR may provide modest supplementary information for comprehensive cardiovascular risk assessment.",Experimental gerontology,2026,10.1016/j.exger.2026.113333,,Journal Article,early_risk,PubMed,peripheral,2,cholesterol; stroke
42795915,"Serum Neurofilament Light Chain in Diabetic Polyneuropathy: Associations with Neuropathy Burden, Balance Impairment, and Fear of Falling.","Objective: To compare serum neurofilament light chain (NfL) concentrations between individuals with type 2 diabetes mellitus (T2DM) with and without diabetic polyneuropathy (DPN), and to examine associations with neuropathy burden, balance impairment, fear of falling, and fall history. Methods: This analytical cross-sectional study included 88 participants with T2DM (44 with DPN and 44 without DPN). Serum NfL was measured by enzyme-linked immunosorbent assay (ELISA); neuropathy burden was assessed with the Michigan Neuropathy Screening Instrument (MNSI), balance with the Berg Balance Scale (BBS), and fear of falling with the Falls Efficacy Scale-International (FES-I). Results: Serum NfL was higher in DPN than non-DPN participants [3.47 (2.68-4.77) vs. 2.47 (1.48-3.07) pg/mL; p < 0.001]. NfL correlated with MNSI-A (ρ = 0.562), MNSI-B (ρ = 0.550), FES-I (ρ = 0.431), falls (ρ = 0.344), and BBS (ρ = -0.450) (all p ≤ 0.001). In the comprehensively adjusted model, the NfL association was attenuated (adjusted odds ratio [aOR] = 1.352; 95% confidence interval [CI], 0.991-1.844; p = 0.057). NfL showed moderate discrimination (area under the receiver operating characteristic curve [AUC] = 0.716; 95% CI, 0.607-0.825); the internally derived Youden threshold was ≥2.823 pg/mL (sensitivity 72.7%, specificity 65.9%). Conclusions: NfL may be a complementary marker of DPN-related neuropathy and functional burden, but the adjusted association was attenuated and the study-specific threshold requires external validation. Study Registration: ClinicalTrials.gov identifier NCT07480330. The study was prospectively registered; the initial registry release occurred on 14 March 2026, before study initiation on 25 March 2026.",Journal of clinical medicine,2026,10.3390/jcm15187142,PMC13607116,Journal Article,diagnosis,PubMed,peripheral,2,screening; neuropathy; falls
42792629,"Mitophagy and Noncoding RNA Regulation in Type 2 Diabetes Mellitus: Molecular Mechanisms, Tissue-Specific Evidence and Translational Perspective.","Despite significant therapeutic advances, T2DM remains a global public health challenge that leads to multiple complications, including cardiovascular, renal, hepatic, and neurodegenerative disorders. Mitochondrial dysfunction and impaired mitophagy remain fundamental, yet incompletely understood, mechanisms driving pancreatic β-cell failure, chronic inflammation, insulin resistance and diabetic complications. Emerging evidence indicates that noncoding RNAs (including microRNAs, long noncoding RNAs, and circular RNAs) are critical regulators of mitophagy and mitochondrial quality control mechanisms across metabolically active tissues. This review comprehensively examines the interplay between mitochondrial dysfunction, mitophagy impairment, and T2DM pathophysiology. It provides an overview of recent mechanistic insights into mitophagy-noncoding RNA interactions in T2DM, emphasizing tissue-specific effects, and highlights the translational potential of mitophagy-associated proteins and regulatory ncRNAs as diagnostic biomarkers and therapeutic targets. By bridging fundamental molecular biology with translational and clinical perspectives, further it provides a comprehensive framework to guide future research, accelerate biomarker discovery, and support the development of personalized interventions aimed at reducing the growing worldwide burden of T2DM and its complications.",Biomedicines,2026,10.3390/biomedicines14091886,PMC13604183,Journal Article; Review,diagnosis,PubMed,peripheral,2,insulin resistance
42798315,COVID-19 and subsequent risk of coded diabetic retinopathy in patients with type 2 diabetes: a multicenter propensity score-matched cohort study.,"BACKGROUND: Evidence remains limited regarding whether coronavirus disease 2019 (COVID-19) is associated with the subsequent risk of EHR-recorded diabetic retinopathy (DR) during available follow-up in patients with type 2 diabetes mellitus (T2DM). We evaluated the risk of EHR-recorded DR and clinically relevant DR subtypes after severe acute respiratory syndrome coronavirus 2 (SARS-CoV-2) infection during follow-up within a maximum 5-year analytic window. METHODS: This retrospective multicenter cohort study used the TriNetX Global Collaborative Network. Adults with T2DM were classified into COVID-19 and control groups between January 1, 2020, and June 30, 2022. A 6-month landmark design was applied to reduce early outcome misclassification. After 1:1 propensity score matching, 773,768 patients were included in each group. The primary outcome was electronic health record (EHR)-recorded incident DR. Secondary outcomes included EHR-recorded DR subtypes (non-proliferative DR, proliferative DR, and diabetic macular edema) and glycemic events, including hyperglycemia (glucose ≥180 mg/dL), poor glycemic control (HbA1c ≥9%), and hypoglycemia (glucose <70 mg/dL). Secondary and supportive analyses were exploratory and were not adjusted for multiplicity. RESULTS: Median follow-up was 1,487 days in the COVID-19 group and 1,634 days in controls. EHR-recorded incident DR occurred more frequently in the COVID-19 group than in the control group (2.17% vs. 1.64%; absolute risk difference, 0.53 percentage points; hazard ratio [HR], 1.51; 95% confidence interval [CI], 1.48-1.55; p<0.001). COVID-19 was also associated with higher risks of non-proliferative DR (HR, 1.53; 95% CI, 1.49-1.58), proliferative DR (HR, 1.67; 95% CI, 1.57-1.78), and diabetic macular edema (HR, 1.75; 95% CI, 1.67-1.83). In addition, COVID-19 was associated with increased risks of glycemic events. The associations remained consistent across sensitivity analyses, including survivor-only, healthcare-visit-restricted, eye-care-visit-restricted, 1-year landmark, and 2-year landmark models. Exploratory severe-COVID analysis showed a similar direction of association. CONCLUSIONS: Among adults with T2DM, COVID-19 was associated with an increased risk of EHR-recorded incident DR, including coded vision-threatening subtypes (proliferative DR and diabetic macular edema), during follow-up. These findings suggest a possible association between COVID-19 and subsequent EHR-recorded DR during available follow-up, although residual confounding and differential ophthalmic surveillance cannot be excluded.",Frontiers in endocrinology,2026,10.3389/fendo.2026.1914361,PMC13612189,Journal Article; Multicenter Study,hba1c,PubMed,peripheral,2,hba1c; diabetic retinopathy; retinopathy
42799817,Co-occurrence patterns and related risk factors of type 2 diabetes mellitus and metabolic dysfunction-associated steatotic liver disease.,"INTRODUCTION: Type 2 diabetes mellitus (T2DM) and metabolic dysfunction-associated steatotic liver disease (MASLD) are interrelated metabolic disorders worldwide. We aimed to characterize global co-occurrence patterns of T2DM and MASLD from a spatial perspective and to identify shared risk factors. METHODS: We extracted incidence rates of T2DM and MASLD and exposure rates of 68 risk factors among individuals aged ≥ 20 years, derived from Global Burden of Disease Study 2021. Three co-occurrence areas were classified based on four quartiles of both diseases incidence. Interpretable machine learning and negative binomial linear mixed-effects model were applied to identify and quantify effects of risk factors. We calculated population-attributable fraction (PAF) to evaluate incidence burden of T2DM and MASLD attributable to identified risk factors. RESULTS: Fifty-nine countries were classified as consistent, 71 as T2DM-dominant, and 74 as MASLD-dominant. Three areas overlap spatially with exposure rates to metabolic, environmental, and behavioral risk factors. After feature selection, we identified nine risk factors with substantial effects on the comorbidity. Functionally, T2DM incidence was mainly attributable to metabolic risks (PAF = 35.28%) and behavioral risks (11.78%), whereas MASLD incidence was attributable to behavioral risks (28.84%), environmental risks (21.65%), and metabolic risks (14.63%). Overall, 42.9% of T2DM incidence and 52.41% of MASLD incidence were attributed to cumulative exposure to risk factors, with specific combinations and variations of these factors significantly impacting the disparate co-occurrence patterns worldwide. CONCLUSION: Comorbidity of T2DM and MASLD is a prevalent global health issue. Co-management of T2DM and MASLD can proceed from interventions targeting corresponding modifiable risk factors.",Endocrine,2026,10.1007/s12020-026-04810-5,PMC13616014,Journal Article,risk_factors,PubMed,peripheral,2,
42796087,Integrated Cardio-Renal-Metabolic Risk Profiling in Patients with Type 2 Diabetes: A Machine Learning-Assisted Cross-Sectional Analysis.,"Background/Objectives: Type 2 diabetes mellitus (T2DM) is characterized by overlapping cardiovascular, renal, metabolic, and hepatic-risk abnormalities. We characterized this integrated phenotype, examined SCORE2-Diabetes gradients, and assessed whether routinely available variables could classify established atherosclerotic cardiovascular disease (ASCVD). Methods: This cross-sectional study included 232 consecutive adults with T2DM. SCORE2-Diabetes tertiles in the full cohort were analyzed descriptively, and a sensitivity analysis was restricted to participants aged 40-69 years without established ASCVD or severe target-organ damage. FIB-4 was recalculated from age, aspartate aminotransferase, alanine aminotransferase, and platelet count. Elastic-net logistic regression, random forest, and gradient boosting were evaluated using nested stratified five-fold cross-validation, with all preprocessing and hyperparameter tuning confined to the training folds. Results: Established ASCVD was present in 49 participants (21.1%), corresponding to 4.45 events per candidate predictor. The SCORE2-Diabetes-eligible sensitivity subgroup included 118 participants (50.9%); 72.9% were in the ≥20% 10-year-risk category. FIB-4 was available for 231 participants (median 1.26 [IQR 0.96-1.80]). Nested cross-validated ROC AUCs were 0.675 (95% CI 0.582-0.763) for elastic-net logistic regression, 0.670 (0.581-0.754) for random forest, and 0.674 (0.589-0.752) for gradient boosting; balanced accuracies were 65.4%, 62.8%, and 56.2%, respectively. Conclusions: The cohort had a high and heterogeneous cardio-renal-metabolic burden. SCORE2-Diabetes findings from the full cohort are descriptive because the score is not intended for patients with established ASCVD or severe target-organ damage. The machine-learning models showed only modest, internally validated discrimination and are not suitable for clinical deployment without larger prospective cohorts and external validation.",Journal of clinical medicine,2026,10.3390/jcm15187315,PMC13607383,Journal Article,risk_factors,PubMed,peripheral,2,
42786919,Productivity loss associated with type 2 diabetes in China: the trend and projection from 1990 to 2050.,"BACKGROUND: Type 2 diabetes (T2D) has become increasingly prevalent among young adults in their prime working years. This study aimed to estimate the productivity-adjusted life years (PALYs) loss associated with T2D among working-age Chinese adults from 1990 to 2021, with projections to 2050. METHODS: Leveraging data from the Global Burden of Disease (GBD) 2021 database, the United Nations, and the China Chronic Disease and Risk Factors Surveillance study, we quantified individual- and population-level PALYs loss associated with T2D between 1990 and 2021 and projected trends through 2050 using a projection model. Loss of PALYs was calculated by combining productivity losses from excess mortality (years of life lost, YLL) with reductions in labour force participation, presenteeism, and absenteeism (years of productivity lost, YPL). Gross domestic product (GDP) loss was estimated by valuing each lost PALY using China's annual GDP per worker. RESULTS: In 2021, 39.8 million working-age Chinese men and 23.3 million women had T2D. Over their working lifetime, T2D was associated with 53.42 (95% uncertainty interval (UI) = 51.25-55.59) million PALYs loss in men and 33.56 (95% UI = 31.59-35.52) million in women, equivalent to 1.34 (95% UI = 1.29-1.40) and 1.44 (95% UI = 1.36-1.53) PALYs loss per man and woman, respectively. Loss of GDP reached USD 1035.31 billion for men and USD 650.38 billion for women. Total PALYs loss is projected to increase from 1990 to 2050, although per-person losses decline in both sexes. Women with T2D experience greater per-person PALYs loss than men in 2030 and 2050. CONCLUSIONS: T2D among working-age population is associated with substantial PALY and economic losses, underscoring urgent need for targeted interventions.",Journal of global health,2026,10.7189/jogh.16.04310,PMC13613105,Journal Article,risk_factors,PubMed,peripheral,2,
42765645,Rationale and Design of the Atherosclerosis Risk in Communities Generation 2 (ARIC Gen2) Study.,"Type 2 diabetes is a risk factor for cardiac arrhythmias, but it is unknown how specific aberrations in glucose (e.g., episodes of high or low glucose) might contribute to the occurrence of heart rhythm abnormalities. The overarching goal of this study is to address research questions regarding how glucose patterns might contribute to the occurrence of arrhythmias, primarily atrial fibrillation, in adults with diabetes. To fulfill this goal, the Atherosclerosis Risk in Communities (ARIC) Gen2 study recruited 507 community-dwelling adults aged 50-80 years with type 2 diabetes to wear continuous glucose monitoring (CGM) and electrocardiogram (ECG) ""patch"" monitoring sensors simultaneously for up to 14 days. Gen2 study had high CGM and ECG completeness: the median wear time for sensors was 14 days and approximately 80% of participants wore both sensors for ≥10 days. By combining Gen2 and data from the original ongoing ARIC cohort (aged 80+), we have the capacity to conduct a comprehensive evaluation of the impact of CGM-defined glucose patterns on arrhythmias across a wide age spectrum from middle-aged to very old adults (aged 50-100) with type 2 diabetes. The findings from this study may help inform clinical strategies for the prevention and management of arrhythmias among adults with type 2 diabetes.",American journal of epidemiology,2026,10.1093/aje/kwag237,,Journal Article,prevention,PubMed,peripheral,2,prevention; atherosclerosis
42801108,Is direct oxidative damage of bone collagen associated with poor human cortical bone tissue fracture resistance?,"The limitations of clinical X-ray-based tools and fracture risk assessment tools, such as FRAX, particularly for disease groups, including type 2 diabetes (T2D) and CKD, suggest that important determinants of bone fracture resistance are not assessed. One such determinant is the bone collagen network, whose nativity and connectivity contribute to cortical bone fracture resistance, but whose degradation mechanisms remain unclear. Oxidative damage to the collagen network, driven by oxidative stress, has been proposed as a contributing factor. Two pathways are recognized: an indirect pathway involving glycoxidation and advanced glycation end-product formation, examined in a precursor study, and a direct pathway, examined herein, involving protein fragmentation and amino acid side chain modifications, such as carbonylation. To investigate the direct pathway, bulk collagen carbonyl content (measured using a fluorescence-based assay and normalized to collagen content) and intact collagen α-chain content (the opposite of α-chain fragmentation and measured via α-chain band intensities using gel electrophoresis) were quantified ex vivo using cortical bone specimens from 80 human donors with and without T2D and/or CKD. Relationships with fracture toughness and other bone quality measures from a precursor study were assessed using Spearman correlations and multiple linear regression. Bulk collagen carbonyl content was not directly associated with collagen network connectivity or cortical bone fracture toughness. In contrast, intact collagen α-chain content emerged as an independent explanatory variable for stable crack-growth fracture toughness measures (adj-R 2 = 46.3%, p = .028) and was negatively associated with bulk collagen carbonyl content (r = -0.37, p < .001). These findings suggest that collagen α-chain integrity may provide insight into variation in cortical bone fracture resistance, whereas bulk collagen carbonyl content did not support the hypothesized direct oxidative damage pathway in this donor cohort.",JBMR plus,2026,10.1093/jbmrpl/ziag152,PMC13615536,Journal Article,early_risk,PubMed,peripheral,1,fracture
42800499,Suitability of the ICH S1B(R1) Weight-of-Evidence Framework to Evaluate Glucagon-Like Protein-1 Receptor Agonist (GLP-1RA) Carcinogenicity Risk.,"Glucagon-like peptide 1 receptor agonists (GLP-1RAs) are an established treatment for management of type 2 diabetes mellitus (T2DM) and obesity. While these agents provide clinical benefits, chronic rodent bioassays have shown a consistent increase in thyroid C-cell tumors, raising regulatory concerns for human carcinogenicity risk and resulting in a boxed warning for medullary thyroid carcinoma (MTC). However, the human relevance of the rodent tumors is unclear due to species differences in GLP-1 receptor (GLP-1R) biology. Carcinogenicity testing of pharmaceuticals is described in ICH S1 guidelines. ICH S1B(R1) outlines experimental approaches to carcinogenicity evaluation including a weight-of-evidence (WoE) framework to determine whether long-term rat carcinogenicity studies add value to human cancer risk assessments. This manuscript applies that framework across seven approved GLP-1RAs: lixisenatide, exenatide, liraglutide, dulaglutide, semaglutide, tirzepatide, and albiglutide, to evaluate the relevance of rodent thyroid tumors and the utility of 2-year bioassays for this drug class. Across all six WoE domains, the evidence supports concluding that GLP1-RAs are tumorigenic in rats via a known human-irrelevant mechanism. Thus, within the S1B(R1) WoE framework, future carcinogenicity testing in rats is unlikely to provide additional value for regulatory decision-making for this class of pharmaceuticals.",Regulatory toxicology and pharmacology : RTP,2026,10.1016/j.yrtph.2026.106252,,Journal Article,early_risk,PubMed,peripheral,1,obesity; guideline; cancer; tumor
42763204,[Progress in research of association between bone mineral density and fracture in patients with type 2 diabetes mellitus].,"Although type 2 diabetes mellitus (T2DM) patients have normal or even elevated bone mineral density, they still face increased risk for fracture, a phenomenon known as the ""Diabetes-bone mineral density paradox"". This paper summarizes current domestic and international evidences regarding changes in bone mineral density, fracture risk, and the potential underlying mechanisms in patients with T2DM. Existing studies indicate that bone mineral density changes in T2DM patients are heterogeneous. In contrast, evidence for an increased fracture risk is relatively consistent, especially for hip fractures. Potential mechanisms might involve enhanced bone formation associated with hyperinsulinemia, as well as the combined effects of advanced glycation end products accumulation, low bone turnover, microarchitectural deterioration, and impaired bone quality. The ""diabetes-bone mineral density paradox"" suggests that the assessment of diabetes-related bone fragility should not rely solely on bone mineral density, but also consider bone quality and bone microstructure parameters. Multidimensional prospective studies are needed in the future to further improve fracture risk assessment for patients with T2DM.",Zhonghua liu xing bing xue za zhi = Zhonghua liuxingbingxue zazhi,2026,10.3760/cma.j.cn112338-20260127-00073,,Journal Article; Review; English Abstract,early_risk,PubMed,peripheral,1,fracture
42798655,Case Report: Unicentric Castleman disease at the superior border of the pancreatic body mimicking a pancreatic neuroendocrine tumor: a case report and literature review.,"Peripancreatic unicentric Castleman disease is rare and may mimic a primary pancreatic neoplasm because it often presents as a well-circumscribed hypervascular mass. We report a 26-year-old woman with type 2 diabetes mellitus in whom an incidentally detected upper abdominal mass was initially considered to arise from the pancreatic body. Computed tomography and magnetic resonance imaging showed a sharply marginated hypervascular lesion with diffusion restriction at the superior border of the pancreatic body, leading to a preoperative suspicion of pancreatic neuroendocrine tumor. Laparoscopic exploration revealed a well-encapsulated mass in the lesser sac closely abutting the superior surface of the pancreas. A clear dissection plane between the lesion and the pancreatic parenchyma allowed complete excision without pancreatic resection or splenectomy. Histopathological examination confirmed hyaline vascular-type unicentric Castleman disease. The postoperative course was uneventful, and no residual or recurrent lesion was detected during 1 year of follow-up; glycemic status also remained stable. This case highlights that close proximity of a hypervascular mass to the pancreas does not necessarily indicate pancreatic origin. Careful multiplanar imaging and direct intraoperative assessment of the lesion-pancreas interface may help determine the appropriate surgical extent and avoid unnecessary pancreatic resection when complete excision is technically feasible.",Frontiers in surgery,2026,10.3389/fsurg.2026.1947071,PMC13612572,Case Reports; Journal Article,diagnosis,PubMed,peripheral,1,tumor
42801394,"Genetic Association of VDR Polymorphism with Diabetic Foot Ulcers in Type 2 Diabetes: Evidence from Kerala, India.","Diabetic foot ulcer (DFU) is a severe complication of diabetes mellitus (DM), contributing significantly to morbidity and healthcare burden. Kerala, a South Indian state, has a high prevalence of diabetes, yet limited data exist on the genetic risk factors for DFU in this population. In this study, we assessed the association of four common vitamin D receptor (VDR) gene polymorphisms-rs7975232 (ApaI), rs731236 (TaqI), rs1544410 (BsmI), and rs2228570 (FokI)-with DFU in Kerala population. Mean serum 25-hydroxyvitamin D 25(OH)D) levels were 17.7 ± 14.2 ng/mL in the DFU group, 19.5 ± 12.4 ng/mL in the DM group, and 20.6 ± 13.9 ng/mL in the control group. Although the mean 25(OH)D levels did not differ significantly among the groups, the prevalence of vitamin D deficiency was significantly higher in the DFU group than in the DM and control groups (χ² = 6.03, P = 0.04), indicating a greater burden of vitamin D deficiency among patients with diabetic foot ulcers. Among the SNPs studied, rs731236 and rs1544410 showed significant associations with DFU. The AG genotype of rs731236 was associated with a reduced risk of DFU compared to both DM patients and non-diabetic Controls (p < 0.05, OR = 0.51). Similarly, the TC genotype of rs1544410 showed a protective association (p = 0.0219, OR = 0.51). No significant associations were found for rs2228570 and rs7975232. Functional docking analysis of rs2228570 indicated favourable calcitriol binding to both VDR isoforms, with slightly higher affinity for the shorter 424 aa variant (- 7.8 vs. - 7.7 kcal/mol). these findings suggest that vitamin D deficiency and genetic variation in the VDR gene, particularly rs731236 and rs1544410, may contribute to susceptibility to diabetic foot ulcer in the Kerala population, warranting further validation in larger, multicentre studies and functional investigations.",Biochemical genetics,2026,10.1007/s10528-026-11450-x,8212222,Journal Article,risk_factors,PubMed,peripheral,1,genetic; diabetic foot
42781090,Association of Serum Lipid Profile With Diabetic Retinopathy Severity in Adults With Type 2 Diabetes Mellitus: A Cross-Sectional Study From Eastern India.,"Background Dyslipidemia is a frequent metabolic disorder, common in type 2 diabetes mellitus. Serum lipid parameters have increasingly become the focus of interest as potentially modifiable risk factors for the development and progression of diabetic retinopathy. Hence, the present study was designed to assess the association between serum lipid parameters and the severity of diabetic retinopathy among adults with type 2 diabetes mellitus attending a tertiary care center. Methods A cross-sectional study was conducted among 98 adults with type 2 diabetes mellitus. Diabetic retinopathy was classified using the Early Treatment Diabetic Retinopathy Study (ETDRS) classification. Fasting blood glucose, postprandial blood glucose, and serum lipid profile were estimated. Association of serum lipid parameters with severity of diabetic retinopathy was assessed, and logistic regression was performed to determine the factors independently associated with diabetic retinopathy. Results Serum lipid abnormalities were significantly related to diabetic retinopathy severity. Triglycerides had the highest association with disease severity, and total cholesterol, high-density lipoprotein (HDL) cholesterol, and low-density lipoprotein (LDL) cholesterol also differed significantly between retinopathy grades. Hypercholesterolemia and hypertriglyceridemia were significant on univariate analysis, while hypertriglyceridemia was the only independent risk factor after multivariable adjustment. Conclusion Serum lipid abnormalities were associated with the severity of diabetic retinopathy in adults with type 2 diabetes mellitus. Higher triglyceride and total cholesterol levels were observed across categories of diabetic retinopathy, and hypertriglyceridemia remained independently associated with the presence of diabetic retinopathy in multivariable analysis. These findings support further prospective studies to clarify the temporal and potentially modifiable relationship between dyslipidemia and diabetic retinopathy.",Cureus,2026,10.7759/cureus.115052,PMC13600202,Journal Article,risk_factors,PubMed,peripheral,1,lipid; triglyceride; cholesterol; diabetic retinopathy; retinopathy
42792704,Imaging and Hemodynamic Mechanisms of Cardiac Remodeling with SGLT2 Inhibitors Across Heart Failure Phenotypes: A Systematic Review.,"Background: Sodium-glucose cotransporter 2 (SGLT2) inhibitors, originally developed as glucose-lowering agents for type 2 diabetes mellitus, have been shown in large, randomized trials to improve clinical outcomes in heart failure (HF) across the ejection fraction (EF) spectrum. The imaging-derived and hemodynamic changes that accompany these benefits remain incompletely characterized, and it is not known whether the patterns of cardiac remodeling observed differ between HF with reduced ejection fraction (HFrEF, left ventricular ejection fraction [LVEF] ≤ 40%) and HF with preserved ejection fraction (HFpEF, LVEF ≥ 50%). This systematic review synthesized randomized evidence on the effects of SGLT2 inhibitors on cardiac remodeling parameters and described the patterns observed in each phenotype. Methods: PubMed/MEDLINE, Scopus and Embase were searched for randomized controlled trials (RCTs) published between February 2016 and March 2026. Eligible studies enrolled adults with chronic HF receiving an SGLT2 inhibitor, included a non-SGLT2-inhibitor comparator and assessed cardiac structure, function or loading by echocardiography, cardiac magnetic resonance (CMR) or cardiac catheterization over at least three months. Risk of bias was assessed with Cochrane RoB 2, separately for each outcome domain and targeting the effect of assignment to intervention, and certainty of evidence with GRADE, separately by phenotype and imaging modality. A structured narrative synthesis following Synthesis Without Meta-analysis (SWiM) guidance that prioritized the direction, magnitude and precision of randomized between-group treatment effects was performed. Results: Fourteen publications from thirteen unique RCTs (1232 participants) were included: four trials enrolled HFrEF (LVEF ≤ 40%), five enrolled mixed reduced and mildly reduced EF cohorts (LVEF < 50% or 35-49%), four enrolled HFpEF (LVEF ≥ 50%) and one enrolled a mixed ejection-fraction population. No trial enrolled an exclusively HFmrEF population. In reduced EF, the direction of effect on LV volumes favored SGLT2 inhibition in four of eight trials reporting volumes, but the estimates were not compatible in magnitude, and the one adequately powered trial at low risk of bias (EFFORT) was neutral; the largest volumetric estimates came from EMPA-TROPISM, which published no adjusted between-group estimate. The only prespecified, adjusted and confidence-interval-bearing volumetric estimates were those of SUGAR-DM-HF (left ventricular end-systolic volume index -6.0 mL/m2, 95% CI -10.8 to -1.2; end-diastolic volume index -8.2 mL/m2, 95% CI -13.7 to -2.6). The global longitudinal strain improved in the trial with blinded core-laboratory reading (EFFORT -1.44%, 95% CI -2.42 to -0.46), but effect sizes in the open-label trials without stated reader blinding were two to three times larger, and the CMR-derived strain was unchanged. In HFpEF, volumes, EF, mass and strain were unchanged throughout. The most secure finding of the review was invasive: in CAMEO-DAPA, dapagliflozin reduced pulmonary capillary wedge pressure at rest by 3.5 mmHg (95% CI -6.6 to -0.4) and at peak exercise by 5.7 mmHg (95% CI -10.8 to -0.7). NT-proBNP results were directionally inconsistent, and the trials in which NT-proBNP was a prespecified primary endpoint (Empire HF, CANDLE) were neutral. Certainty of evidence was very low for 18 of 20 evidence profiles and low for the remaining two. Conclusions: Randomized imaging and hemodynamic studies suggest phenotype-related differences in the cardiac remodeling associated with SGLT2 inhibitor therapy. In studies enrolling patients with reduced EF, treatment was associated predominantly with reverse remodeling of left ventricular volumes and modest improvements in myocardial function, whereas in preserved EF, the observed changes were mainly confined to filling pressures and diastolic function, with no consistent evidence of left ventricular volumetric remodeling. Given the limited number of studies, substantial heterogeneity, and the overall low certainty of evidence, these findings should be considered hypothesis-generating and warrant confirmation in adequately powered phenotype-specific mechanistic trials.",Biomedicines,2026,10.3390/biomedicines14091961,PMC13604603,Journal Article; Review,lifestyle,PubMed,peripheral,1,exercise; heart failure
42778559,Tirzepatide versus GLP-1 receptor agonists and stroke in patients with atrial fibrillation and type 2 diabetes.,"Patients with atrial fibrillation and type 2 diabetes remain at high risk of stroke despite anticoagulation and glucose-lowering treatment. We examined whether tirzepatide was associated with lower cerebrovascular risk than established glucagon-like peptide-1 receptor agonists in a retrospective cohort from a large international federated electronic health-record network. Here we show that, among 14,118 matched pairs of adults initiating tirzepatide or another glucagon-like peptide-1 receptor agonist, tirzepatide use was associated with lower risks of any stroke, ischemic stroke, hemorrhagic stroke, and death from any cause. The absolute difference in stroke risk was 2.1 percentage points at one year, and the absolute difference in mortality was 6.2 percentage points. These observational findings support further assessment of tirzepatide as a potential option for people with both conditions, but randomized trials are required before treatment recommendations can change.",Nature communications,2026,10.1038/s41467-026-77047-5,PMC13601590,Journal Article; Comparative Study,clinical_guidelines,PubMed,peripheral,1,stroke
42750344,Free Fatty Acids and Sarcopenia Risk in Type 2 Diabetes: Insights From SHAP Analysis.,"BACKGROUND: Sarcopenia is a prevalent and disabling complication of Type 2 diabetes mellitus (T2DM), which significantly elevates the risks of falls, fractures, institutionalization, and all-cause mortality. Lipotoxicity mediated by circulating free fatty acids (FFA) is crucial in the pathogenesis of diabetes-related sarcopenia, but the independent association and dose-response pattern between serum FFA levels and sarcopenia risk in T2DM patients remain poorly clarified. METHODS: This single-center cross-sectional study enrolled 299 patients with T2DM. Sarcopenia was diagnosed in accordance with the 2019 Asian Working Group for Sarcopenia criteria. Fasting serum FFA levels were measured by enzymatic colorimetry. Sequential multivariate logistic regression, restricted cubic spline (RCS) analysis, receiver operating characteristic (ROC) curve, calibration curve, decision curve analysis (DCA), and SHapley Additive exPlanations (SHAPs) analysis were applied to explore the association and predictive value of FFA. RESULTS: The overall prevalence of sarcopenia was 23.4%. After full adjustment for confounders, log-transformed FFA remained an independent risk factor for sarcopenia (OR = 2.73, 95% CI: 1.31-5.70, p = 0.007). RCS analysis identified a significant nonlinear relationship with a threshold at 0.6 mmol/L; sarcopenia risk declined slightly with increasing FFA below this threshold, but rose steeply and linearly when FFA exceeded 0.6 mmol/L. FFA showed excellent predictive performance with an AUC of 0.852, satisfactory calibration and significant clinical net benefit. SHAP analysis confirmed FFA as the core predictive feature, and the association was consistent across all prespecified subgroups. CONCLUSIONS: Serum FFA levels are independently and nonlinearly associated with sarcopenia risk in T2DM patients, with a clinically actionable threshold of 0.6 mmol/L. FFA can serve as a simple, accessible, and cost-effective biomarker for early risk stratification of sarcopenia in patients with T2DM.",Geriatrics & gerontology international,2026,10.1111/ggi.70835,PMC13583366,Journal Article,early_risk,PubMed,peripheral,0,sarcopenia; falls; fracture
42798458,Repurposing a prostate tumor marker: elevated FPSA/TPSA ratio as a novel non-invasive biomarker for declining eGFR in male type 2 diabetes.,"BACKGROUND: Diabetic kidney disease (DKD) lacks accessible, cost-effective biomarkers for early screening. Given the distinct clearance pathways of free prostate-specific antigen (FPSA, renally excreted) and total prostate-specific antigen (TPSA, hepatically metabolized), this study investigated the association between serum FPSA/TPSA ratio and estimated glomerular filtration rate (eGFR) in male patients with type 2 diabetes mellitus (T2DM). METHODS: In this real-world cross-sectional study, 4,487 male patients with T2DM were retrospectively enrolled. eGFR was determined using the Kidney Disease: Improving Global Outcomes (KDIGO)-recommended Chronic Kidney Disease Epidemiology Collaboration (CKD-EPI) creatinine-cystatin C (Cr-CysC) equation. Multivariable linear regression and subgroup analyses were conducted to elucidate the independent effect of the FPSA/TPSA ratio on eGFR, with adjustment for age, prostate-specific diseases, and metabolic confounders. RESULTS: Baseline TPSA levels remained stable across renal function stages (median 0.9ng/ml, P = 0.524), minimizing interference from macroscopic prostate pathologies. After adjustment for age and metabolic profiles, the FPSA/TPSA ratio exhibited a robust independent negative association with eGFR (β = -0.2, P < 0.001). This inverse correlation remained consistent across all clinical subgroups (P for interaction > 0.05), with a more pronounced predictive trend among elderly patients (≥ 65 years). Notably, our multivariable models also captured the chronic kidney disease ""lipid paradox"", whereby higher triglyceride levels paradoxically correlated with preserved eGFR (β = 0.51, P = 0.018). CONCLUSION: An elevated serum FPSA/TPSA ratio is a robust, non-invasive indicator of declining eGFR in male patients with T2DM and may improve DKD risk stratification and early clinical warning without additional economic burden.",Frontiers in endocrinology,2026,10.3389/fendo.2026.1905743,PMC13612289,Journal Article,screening,PubMed,peripheral,0,kidney disease; chronic kidney disease; egfr; tumor
42794768,Trajectory-Oriented Brain Vulnerability Framework for Cognitive Decline in Type 2 Diabetes.,"Type 2 diabetes mellitus (T2DM) is associated with heterogeneous cognitive and functional trajectories rather than a single diabetes-specific encephalopathy. This structured narrative review proposes a conceptual, hypothesis-generating exposure-injury-structure-function framework linking metabolic, vascular, and frailty-related exposures with molecular and neurovascular injury, structural change, cognitive decline, and loss of independence. Its contribution is the temporal assignment of measurements, lagged testing between adjacent levels, and comparison with clinical-risk and unordered biomarker models. For example, a study-specific threshold of at least 10% improvement in held-out root-mean-square error for 24-36-month executive/processing-speed decline could indicate incremental value. Repeated failure of a specified temporal link challenges that link; failure to improve prediction rejects incremental predictive value, not biological plausibility. Molecular hypotheses focus on AGE-RAGE signalling, NLRP3-IL-1β activation, mitochondrial quality control, endothelial dysfunction, and neuroglial injury, although human timing is uncertain. Sodium-glucose cotransporter-2 (SGLT2) inhibitors and glucagon-like peptide-1 receptor agonists (GLP-1 RAs) are considered complementary therapeutic probes. Both offer systemic benefits, but neither has proven efficacy in preventing cognitive decline or direct target engagement in the human brain. Visceral adiposity, skeletal-muscle health, sarcopenia, sex/gender, kidney function, co-pathology, and reserve are treated as exposures or modifiers. This framework is intended for longitudinal research, not clinical staging or treatment selection.",International journal of molecular sciences,2026,10.3390/ijms27188342,PMC13607053,Journal Article; Review,diagnosis,PubMed,peripheral,0,visceral adiposity; sarcopenia; cognitive decline
42790129,Prediction models for sarcopenia risk in type 2 diabetes mellitus: A systematic review and meta-analysis.,"OBJECTIVE: To systematically summarise prediction models for sarcopenia in patients with type 2 diabetes mellitus (T2DM), appraise their methodological quality and reporting, and synthesise their discriminative performance. METHODS: PubMed, Web of Science, Embase, Cochrane Library, CNKI, Wanfang and VIP were searched from inception to 22 December 2025 for observational studies developing and/or validating multivariable models (≥2 predictors) for sarcopenia or low muscle mass in adults with T2DM. For studies reporting the area under the receiver operating characteristic curve (AUC), random- or fixed-effects meta-analyses were conducted to pool AUCs for training, internal validation and external validation datasets. RESULTS: Twenty-six studies published between 2020 and 2025 were included, mostly cross-sectional or retrospective studies from China, with one based on US NHANES data. Most models used logistic regression; a few applied machine learning methods. Predictors commonly included age, sex, anthropometric indices, diabetes duration and control, biochemical and nutritional indicators, and muscle-related measures. Internal validation was frequently performed, whereas external validation was limited. Seventeen studies contributed training-set AUCs (pooled AUC 0.885, 95% CI 0.858-0.913; I2 = 93.10%), and eleven contributed internal validation AUCs (pooled AUC 0.859, 95% CI 0.812-0.905; I2 = 94.90%). Only two studies contributed external validation AUCs for pooling, yielding a pooled AUC of 0.945 (95% CI 0.923-0.966; I2 = 0.00%); this result should be interpreted cautiously because of the very limited external validation evidence. CONCLUSIONS: Existing prediction models for sarcopenia or low muscle mass in T2DM patients show promising discrimination, but limitations in analysis methods, reporting and external validation may affect their robustness and generalisability. Future work should strengthen methodological rigor and reporting in line with PROBAST and TRIPOD to facilitate reliable clinical use.",Journal of diabetes and its complications,2026,10.1016/j.jdiacomp.2026.109416,,Journal Article; Review,risk_factors,PubMed,peripheral,0,sarcopenia
42783509,"Glucagon-like Peptide-1 Receptor Agonists Are Not Associated with Increased Risk of Acute Pancreatitis or Pancreatic Complications, Including Pancreatic Cancer, in Type 2 Diabetes: A Global Propensity-Matched Cohort Study.","Introduction: Association between glucagon-like peptide-1 receptor agonists (GLP-1 RAs) and pancreatitis and its long-term complications remains controversial. Using a global electronic health record database, we evaluated pancreatic outcomes following GLP-1 RA initiation in adults with type 2 diabetes mellitus (T2DM). Methods: Adults aged ≥18 years who were alive at the index date; T2DM patients initiating GLP-1 RAs between 2013 and 2025 were identified in the TriNetX network and compared with patients initiating sodium-glucose cotransporter-2 inhibitors (SGLT2i). Sensitivity analyses included comparisons with other second-line diabetes therapies, excluding dipeptidyl peptidase-4 inhibitors, and analyses were restricted to U.S.-based health care organizations. Patients with pre-existing pancreatic conditions were excluded. Cohorts were propensity score-matched for treatment indications, pancreatitis risk factors, and demographics. Kaplan-Meier and Cox proportional hazard models evaluated acute pancreatitis (overall and biliary), chronic pancreatitis, pancreatic pseudocyst, and pancreatic cancer. Results: After matching, 291,152 patients were included in each cohort. GLP-1 RA initiation was not associated with an increased hazard of overall acute pancreatitis compared with SGLT2i initiation (HR 1.095; 95% CI 0.996-1.204), with concordant Kaplan-Meier analyses. A modest, etiology-specific increase in biliary acute pancreatitis was observed in the primary comparison (HR 1.276; 95% CI 1.010-1.612) but was not consistent across sensitivity analyses. No differences were observed in the risks of pancreatic pseudocyst (HR 0.729; 95% CI 0.525-1.014) or pancreatic cancer (HR 1.069; 95% CI 0.940-1.215). Results were similarly consistent in sensitivity analyses. Conclusion: GLP-1 RAs are not associated with an increased risk of acute pancreatitis, pancreatitis-related complications, or pancreatic cancer in T2DM adults; a modest biliary pancreatitis signal was observed, but was not consistent across sensitivity analyses.",Journal of personalized medicine,2026,10.3390/jpm16090478,PMC13608214,Journal Article,risk_factors,PubMed,peripheral,0,cancer
42752966,"Indices of obesity, malnutrition and inflammation are strong predictors of mortality in adults with type 2 diabetes: the FIELD study.","AIMS/HYPOTHESIS: Metabolic risk in type 2 diabetes is not fully captured by standard clinical measures. Use of NMR-based metabolomic indices may enhance risk prediction, but their role in individuals with type 2 diabetes is unresolved. METHODS: We analysed data from 9550 adults with type 2 diabetes who were followed for 5 years in the Fenofibrate Intervention and Event Lowering in Diabetes (FIELD) study. The composite index MVX (metabolic vulnerability), and its components IVX (inflammation vulnerability index) and MMX (metabolic malnutrition index), were derived from baseline plasma NMR. Associations with mortality and non-fatal events were assessed using Cox models adjusted for clinical variables and treatment allocation. Predictive performance was assessed using C statistics and variable contribution analysis. RESULTS: All three indices were associated with total mortality. Participants in the highest MVX quintile (Q5) had an over fourfold greater unadjusted mortality risk, and more than double the risk after adjustment (HR 2.31; 95% CI 1.71, 3.12). Each standard deviation increase in MVX showed a 75% higher mortality risk (95% CI 62, 89; p<0.001). MVX was associated with cardiovascular and cancer mortality separately, and independently predicted non-fatal cardiovascular events and new incident cancer. MMX and IVX showed weaker and less consistent associations. MVX improved risk model discrimination (C statistic 0.725 to 0.737; p=0.0003) and outperformed prior CVD history as a predictor. CONCLUSIONS/INTERPRETATION: MVX independently predicts total and cardiovascular mortality in type 2 diabetes, offering prognostic value beyond traditional risk factors. The absolute event rates reflect the treatment standards of the FIELD recruitment period (1997-2000), prior to widespread use of several contemporary cardioprotective therapies. The results support further investigation of the clinical utility of MVX for determination of personalised risk.",Diabetologia,2026,10.1007/s00125-026-06848-6,10344359,Journal Article,risk_prediction,PubMed,peripheral,0,obesity; cancer
42786038,"Multi-level clinical inertia in chronic kidney disease management in primary care: A retrospective cross-sectional analysis of coding, reclassification and risk stratification.","AIMS/HYPOTHESIS: Accurate coding, longitudinal stage review and complete risk stratification underpin chronic kidney disease (CKD) care in primary care, especially in people with diabetes, where CKD modifies cardiovascular risk, prescribing safety and referral thresholds. We hypothesised that, beyond well-described inertia in pharmacological treatment intensification, primary care records would also exhibit inertia in diagnostic coding, longitudinal reclassification and albuminuria-based risk stratification, clustering with higher kidney and cardiovascular risk. METHODS: We performed a retrospective cross-sectional analysis of adult primary care records with coded CKD. The latest estimated glomerular filtration rate (eGFR) was compared with the coded stage. Where eGFR suggested reclassification but coding was unchanged, manual case review determined whether changes were sustained for ≥ 3 months. Risk was derived from the latest urine albumin-to-creatinine ratio (uACR) using KDIGO categories. Modifiable risk factors were predefined as blood pressure above CKD-specific thresholds and/or HbA1c ≥ 58 mmol/mol. A separate electronic search identified adults with uncoded CKD. RESULTS: Of 583 individuals with coded CKD, 581 were analysed. Among those with unchanged coding despite eGFR suggesting de-escalation, 47/87 (54.0%) had sustained improvement; of 47 with unchanged coding despite a latest eGFR suggesting escalation, 26 (55.3%) had sustained decline. uACR was missing in 175 cases (30.1%), including 12 with stage G4/G5 disease. Women were more likely than men to lack uACR data (37.7% vs 22.1%; OR 2.13, 95% CI 1.48, 3.08; χ² = 16.78, p < 0.001). KDIGO high or very high risk was present in 179 (30.8%) and a combined high-risk profile in 118 (20.3%). Combined high-risk status clustered in the missed-escalation group (16/47, 34.0%) compared with the rest of the cohort (83/447, 18.6%; RR 1.83, 95% CI 1.18, 2.85; OR 2.26, 95% CI 1.18, 4.33; p = 0.020). Diabetes (n = 198, 34.1%) was not associated with coding accuracy, but was associated with higher risk CKD (30.3% vs 15.1%; χ² = 18.53, p < 0.001; RR 2.00; Cramér's V = 0.18) and more complete uACR testing (82.8% vs 63.2%; χ² = 23.93, p < 0.001). Separate case finding identified 38 additional adults with biochemical evidence of uncoded CKD. CONCLUSIONS/INTERPRETATION: Primary care CKD records exhibited multi-level clinical inertia across coding, stage review and albuminuria-based risk assessment. Missed reclassification, absent uACR data and uncoded disease clustered with higher-risk profiles and disparities disadvantaging women. Structured EHR-led CKD review processes that integrate longitudinal kidney function, mandatory uACR ordering, active code review and risk-based action may improve timeliness, equity of CKD care.",Primary care diabetes,2026,10.1016/j.pcd.2026.09.004,,Journal Article,early_risk,PubMed,peripheral,-1,kidney disease; chronic kidney disease; egfr; albuminuria
42794486,"Skeletal Muscle Effects of GLP 1 Receptor Agonists: Molecular Mechanisms and Comparative Insights on Semaglutide and Tirzepatide, a Narrative Review.","GLP-1 receptor agonists (GLP-1RAs), dual GLP-1/GIP agonists, and the more recent triple GLP-1/GIP/glucagon agonists have transformed the treatment of type 2 diabetes mellitus (T2DM) and obesity, resulting in significant weight reduction. However, a substantial proportion (20-40%) of this weight loss is attributable to a decrease in lean mass, thereby raising concerns regarding potential sarcopenia-related risk. However, decreased lean mass is not sufficient to determine sarcopenia, which is now defined by the combined presence of decreased muscle mass, diminished strength, and impaired physical function, particularly in older or frail individuals. Thus, a further clarification of the potential mechanisms through which these molecules affect skeletal muscle is needed to optimize their use. The objective of this study is to synthesize preclinical, metabolomic, and clinical evidence on the effects of GLP-1RAs and dual/triple agonists on skeletal muscle, with a specific comparison between semaglutide and tirzepatide. This narrative review was based on a comprehensive literature search of PubMed/MEDLINE, Scopus, and Google Scholar, encompassing articles published through June 2026. This search was supplemented by manual citation tracking, which identified additional studies including preclinical and metabolomic investigations, randomized controlled trials, observational studies, and meta-analyses. Preclinical data suggest that GLP-1R/GIPR activation can positively modulate anabolic pathways, mitochondrial biogenesis, and muscle inflammation. Metabolomic evidence reveals lipid and amino acid remodeling compatible with improved mitochondrial function. Clinically, lean mass loss proportional to weight reduction is consistently observed, generally without meaningful declines in strength or performance; data for tirzepatide are more limited. Lean mass, however, is not synonymous with skeletal muscle. A paradox emerges between the presence of protective molecular signals and the clinical evidence of lean-mass loss. This phenomenon may be explained by a systemic energy/protein deficit rather than a direct catabolic effect of the drugs, although current evidence does not fully distinguish these mechanisms. The effectiveness of weight reduction should be considered a pivotal metric in clinical practice, particularly in populations susceptible to sarcopenia.",International journal of molecular sciences,2026,10.3390/ijms27188057,PMC13607671,Journal Article; Review,lifestyle,PubMed,peripheral,-1,molecular mechanism; metabolomic
42787678,Implicit Rationing of Incretin Therapy in Diabetic Kidney Disease: A Call for Deliberate Allocation.,"Glucagon-like peptide-1 (GLP-1) receptor agonists have produced strong renal outcome data in patients with type 2 diabetes and chronic kidney disease (CKD), including a large randomized trial stopped early for benefit. Yet the patients with the best claim to these drugs are often the ones least able to obtain them. Supply and price are driven less by nephrologic risk than by a consumer market organized around elective weight loss, direct-to-consumer telehealth, and, until recently, a large compounding economy; at list price, cost-effectiveness analyses place these agents well above accepted value thresholds. This editorial argues that the resulting pattern of access amounts to rationing by default rather than by policy, and that nephrology has an obligation to name it and to press for allocation guided by clinical need. Whether these agents work in CKD is settled. The open question is who receives them once ability to pay, rather than risk of kidney failure, sets the order of the line. When access is constrained, we argue, priority should follow indication and kidney risk rather than purchasing power.",Cureus,2026,10.7759/cureus.115170,PMC13602831,Editorial,lifestyle,PubMed,peripheral,-1,weight loss; kidney disease; chronic kidney disease
42782594,Knowledge and Attitude Regarding Chronic Kidney Disease among Patients with Type 2 Diabetes Mellitus.,"BACKGROUND: Type 2 diabetes mellitus (T2DM) is one of the major causes of death worldwide. In India, the estimated number of people with diabetes was 77 million in 2019, and it is predicted to escalate to 134 million by 2045. The most significant challenges of diabetes mellitus are chronic kidney disease (CKD). AIM: This study aims to assess the knowledge and attitude regarding CKD and examine their relationship among patients with T2DM. SUBJECTS AND METHODS: A cross-sectional study was conducted at a tertiary care hospital among 250 patients with T2DM aged over 18 years using convenience sampling. RESULTS: Male participants predominated at 56% (140), compared to females at 44% (110). The mean knowledge score was 2.29 ± 0.68 (out of 12), while the mean attitude score was 1.94 ± 0.28 (out of 50). Nearly half of the participants (45.6%, 114) demonstrated a moderate level of knowledge, and 92% (230) of respondents showed a moderately favorable attitude toward CKD. Significant associations were found between knowledge of CKD and factors such as family type, personal habits, and area of residence (P < 0.05). There was no significant correlation between knowledge and attitude. CONCLUSION: Overall, the findings indicate that patients with T2DM possess only moderate knowledge and attitudes regarding CKD, highlighting an urgent need to enhance awareness among high-risk populations. Strengthening education may improve treatment adherence, promote lifestyle modification, and prevent CKD progression.",Annals of African medicine,2026,10.4103/aam.aam_621_26,,Journal Article,lifestyle,PubMed,peripheral,-1,lifestyle; kidney disease; chronic kidney disease
42759692,Perioperative management of SGLT2 inhibitors: balancing euglycaemic ketoacidosis risk and cardiorenal benefits.,"Sodium-glucose cotransporter 2 (SGLT2) inhibitors are established therapies for type 2 diabetes, heart failure, and chronic kidney disease, creating a perioperative need to balance prevention of euglycaemic diabetic ketoacidosis (euDKA) against cardiorenal protection. Fasting, surgical stress, infection, reduced carbohydrate intake, insulin dose reduction, and hypovolaemia can amplify glycosuria and ketogenesis and precipitate euDKA. Most guidelines recommend withholding SGLT2 inhibitors for 3-4 days before elective surgery, although recommendations vary by agent, procedure, fasting duration, diabetes status, and monitoring capacity. Emerging evidence indicates competing perioperative risks and benefits. Inadequate withholding and emergency surgery are associated with high-anion-gap metabolic acidosis and ketoacidosis, whereas observational studies associate preoperative use with lower risks of acute kidney injury and short-term mortality. Heart failure withdrawal studies further suggest that cardiovascular and volume-regulatory benefits may diminish rapidly after interruption. These findings challenge uniform withholding but do not support routine perioperative continuation. Management should be stratified by treatment indication, glycated haemoglobin, insulin dependence, hepatic and kidney function, infection and volume status, surgical urgency and invasiveness, expected fasting duration, and access to ketone and acid-base monitoring. Patients at high metabolic risk generally require an adequate preoperative withholding interval and intensified monitoring, whereas low-risk patients treated primarily for heart failure or chronic kidney disease require individualised multidisciplinary assessment. Future studies should define indication- and risk-based withholding and restart strategies and jointly evaluate euDKA, acute kidney injury, worsening heart failure, myocardial injury, mortality, and postoperative recovery.",Diabetes & metabolism,2026,10.1016/j.diabet.2026.101793,,Journal Article; Review,clinical_guidelines,PubMed,peripheral,-1,kidney disease; chronic kidney disease; heart failure
42781828,Psychosocial and clinical factors associated with diabetes self-management in type 2 diabetes.,"This study aimed to explore the psychosocial and clinical predictors of self-management among adults with type 2 diabetes. Using a cross-sectional design, 60 participants completed an online survey including sociodemographic data, the Diabetes Self-Management Questionnaire (DSMQ), Hospital Anxiety and Depression Scale (HADS), Self-Stigma Scale (SSS), and Diabetes Symptom Checklist-Revised (DSC-R). Sleep duration and diabetes duration were also recorded. The average age was 59.53 ± 12.96 years; 51.7% were female and 65% were married. Correlation analysis showed that self-management was negatively associated with anxiety and self-stigma. Multiple regression analysis revealed a significant model (p = 0.025), explaining 23.1% of the variance in self-management. Anxiety was a significant negative predictor (β = -0.34, p = 0.012), while, unexpectedly, depression positively predicted better self-management (β=+0.35, p = 0.014). Self-stigma was not a statistically significant independent predictor (β = -0.20, p = 0.097). Symptom burden, sleep duration, and diabetes duration were not also significant predictors. These findings highlight the important role of psychological factors in diabetes self-care, particularly the negative association between anxiety and self-management. The unexpected positive association observed for depression should be interpreted cautiously. Further research is needed to clarify the role of self-stigma and the complex relationships between psychological factors and diabetes self-management.","Psychology, health & medicine",2026,10.1080/13548506.2026.2737836,,Journal Article,risk_factors,PubMed,peripheral,-2,depression; anxiety
42784208,A Circulating Proteomic Signature of Allostatic Load Is Associated with Multisystem Disease and Mortality.,"Background: Chronic stress contributes to the development of cardiometabolic, malignant, and other chronic diseases through cumulative multisystem physiological dysregulation, conceptualized as allostatic load (AL). However, traditional AL relies on heterogeneous clinical biomarkers that are frequently unavailable or inconsistently collected in large cohorts, limiting reproducibility and translational utility. We developed and validated ProAL50, a proteomics-based measure of AL derived from 50 circulating proteins. Methods: Using high-dimensional plasma proteomic data from the UK Biobank, we constructed ProAL50 via penalized regression and stability selection and externally validated its construct in the Coronary Artery Risk Development in Young Adults (CARDIA) Study. Results: Among 37,089 UK Biobank participants, ProAL50 correlated strongly with traditional AL in the held-out test set (r = 0.72) and showed moderate external construct validity in CARDIA (r = 0.62). ProAL50 closely mirrored traditional AL in its associations with sociodemographic characteristics, lifestyle behaviors, physical and mental health, inflammation, and biological aging, supporting construct validity. In prospective analyses, ProAL50 showed associations with incident chronic disease, including type 2 diabetes, ischemic heart disease, chronic lung disease, chronic liver disease, chronic kidney disease, overall cancer, and all-cause and cause-specific mortality that were broadly comparable to traditional AL. Representative associations included incident type 2 diabetes (HR per SD = 2.72, 95% CI 2.61-2.84) and chronic liver disease (HR = 2.12, 95% CI 1.96-2.29). Conclusions: These findings support ProAL50 as a biologically informative, protein-based surrogate of AL for research use that complements traditional AL, pending further external validation and assay standardization.",Proteomes,2026,10.3390/proteomes14030047,PMC13611500,Journal Article,lifestyle,PubMed,peripheral,-2,kidney disease; chronic kidney disease; cancer
42780637,"Cardiovascular-Kidney-Metabolic Overlaps, Clinical Outcomes, and Medications Among Patients With Heart Failure: Results From the Chinese Cardiovascular Association Database-Heart Failure Center Registry.","Cardiovascular-kidney-metabolic (CKM) multimorbidity is common among patients with heart failure (HF), but its prognostic impact in Chinese patients remains largely unclear. We examined the relationship of CKM multimorbidity with adverse outcomes and its interaction with guideline-directed medical therapy (GDMT) in patients with HF. We classified hospitalized patients with HF by CKM-condition count (atherosclerotic cardiovascular disease [ASCVD], chronic kidney disease [CKD], and type 2 diabetes [T2D]). Cox models assessed 1-year all-cause death, cardiovascular (CV) death, and rehospitalizations. Among patients with HF with reduced ejection fraction (HFrEF), subgroup analyses were conducted by GDMT use. Among 126,524 patients, 66.4% had at least one CKM condition and 5.1% had all three. All-cause death increased with CKM burden; three conditions conferred the highest risk (adjusted hazard ratio 2.43, 95% confidence interval [CI] 2.20-2.69) versus no CKM conditions. Associations were stronger in HFrEF. Although GDMT recipients had lower absolute death rates, associations of CKM multimorbidity with all outcomes were generally consistent regardless of GDMT use. CKM multimorbidity is common in Chinese patients hospitalized with HF and is associated with a worse prognosis. Although GDMT lowered absolute death rates, it did not substantially modify the relative associations between CKM multimorbidity and subsequent clinical outcomes.",MedComm,2026,10.1002/mco2.71008,PMC13598551,Journal Article,clinical_guidelines,PubMed,peripheral,-2,kidney disease; chronic kidney disease; heart failure
42774416,Sarcopenia and diabetes in older adults in the decade of healthy aging: A comprehensive review.,"The incidence and prevalence of metabolic diseases like type 2 diabetes mellitus increases with age due to increase in insulin resistance and changes in body composition. With advancements in the management of diabetes and its complications, life expectancy of diabetic patients has increased, leading to an increase in number of older people. Sarcopenia refers to progressive and generalized loss of muscle mass with reduced muscle performance and strength, integral to the aging process. Sarcopenia is both a risk factor for and a complication of type 2 diabetes mellitus. Sarcopenia can be assessed by measuring muscle mass, strength, and muscle function. The clinical relevance of sarcopenia is more among aging population as it is associated with reduced mobility, increased incidence of falls and fractures, dependence, functional disability, cognitive impairment, depression, and mortality. It is of paramount importance to screen the older diabetic population for the presence of sarcopenia and implement appropriate therapeutical strategies focusing on adequate nutrition intake and regular physical activity.","Medical journal, Armed Forces India",2026,10.1016/j.mjafi.2025.06.013,PMC13594493,Journal Article; Review,screening,PubMed,peripheral,-3,sarcopenia; falls; fracture; depression
42764374,Type 1 diabetes and cardiovascular medicine.,"There are an estimated 9.5 million people living with type 1 diabetes (T1D) globally, with cardiovascular disease (CVD) remaining a major cause of morbidity and mortality despite advances in care. Atherosclerosis occurs earlier in people with T1D and those with T1D-onset in early childhood are at particularly high lifetime risk of CVD. Multiple traditional risk factors (e.g., glycaemia, lipids, blood pressure, obesity and smoking) and novel risk factors (e.g., social determinants of health, inflammation and genetics) can promote CVD in people with T1D. This highlights the need for a life-course approach to managing overall cardiovascular risk and preventing or mitigating end-stage complications such as atherosclerotic events, cardiac autonomic neuropathy and heart failure. However, most people with T1D do not meet all recommended risk factor targets. Whilst T1D-specific risk calculators for CVD are available to guide shared decision-making and risk factor management, greater awareness and further data are needed to inform their use in different T1D populations. However, there remains a relative paucity of T1D-specific clinical trial data to inform the management and therapies for CVD risk factors such as dyslipidaemia, hypertension and chronic kidney disease (CKD), and for clinically evident CVD. There is now increasing interest in the use of adjunct glucose-lowering drugs initially developed for use in type 2 diabetes, such as sodium-glucose co-transporter 2 inhibitors and glucagon-like peptide-1 agonists, and whilst some weight, glycaemia, blood pressure and albuminuria benefits have been shown, cardiovascular outcome trials (CVOT) in T1D are currently lacking. This review by a multidisciplinary team provides an overview of CVD pathophysiology, risk factor care, risk prediction and management in people with T1D.",Cardiovascular diabetology. Endocrinology reports,2026,10.1186/s40842-026-00338-9,PMC13591722,Journal Article; Review,risk_prediction,PubMed,peripheral,-4,neuropathy; kidney disease; chronic kidney disease; albuminuria; heart failure; atherosclerosis
42754528,"Diabetes progression and severe hypoglycemia: a nationwide cohort study of 2,475,605 adults with type 2 diabetes mellitus.","BACKGROUND/AIMS: Severe hypoglycemia (SH) is a major concern in type 2 diabetes mellitus (T2DM). We evaluated whether a composite diabetes progression score could predict incident SH. METHODS: Using the Korean National Health Insurance Service database, we identified 2,475,605 adults with T2DM who underwent health examinations in 2015-2016. Incident SH was defined by ICD-10 codes plus emergency department visit or hospitalization. The progression score (range, 0-6) comprised six indicators: longer diabetes duration, use of ≥ 3 oral glucose-lowering drug classes, insulin use, chronic kidney disease (CKD), cardiovascular disease, and diabetic retinopathy. RESULTS: During 1 year of follow-up, 1,186 SH events occurred. Each component of diabetes progression was independently insuassociated with SH risk hazard ratios (HRs) from 1.19-3.27, with insulin use and CKD showing the largest effects. SH risk increased stepwise with higher progression scores. Compared with a score of 0, the adjusted HRs (95% confidence intervals) were 3.35 (2.63-4.27), 7.74 (6.15-9.74), 12.61 (9.97-15.95), 22.39 (17.44-28.75) for scores 1, 2, 3, and ≥ 4, respectively. CONCLUSION: A concise diabetes progression score strongly stratified short-term SH risk in this nationwide cohort, and may help target proactive prevention and early intervention.",The Korean journal of internal medicine,2026,10.3904/kjim.2026.084,PMC13585690,Journal Article,prevention,PubMed,peripheral,-4,diabetic retinopathy; retinopathy; kidney disease; chronic kidney disease
