pmid,title,abstract,journal,year,doi,pmcid,publication_types,topic,source,population_class,triage_category,triage_score,matched_concepts
42801108,Is direct oxidative damage of bone collagen associated with poor human cortical bone tissue fracture resistance?,"The limitations of clinical X-ray-based tools and fracture risk assessment tools, such as FRAX, particularly for disease groups, including type 2 diabetes (T2D) and CKD, suggest that important determinants of bone fracture resistance are not assessed. One such determinant is the bone collagen network, whose nativity and connectivity contribute to cortical bone fracture resistance, but whose degradation mechanisms remain unclear. Oxidative damage to the collagen network, driven by oxidative stress, has been proposed as a contributing factor. Two pathways are recognized: an indirect pathway involving glycoxidation and advanced glycation end-product formation, examined in a precursor study, and a direct pathway, examined herein, involving protein fragmentation and amino acid side chain modifications, such as carbonylation. To investigate the direct pathway, bulk collagen carbonyl content (measured using a fluorescence-based assay and normalized to collagen content) and intact collagen α-chain content (the opposite of α-chain fragmentation and measured via α-chain band intensities using gel electrophoresis) were quantified ex vivo using cortical bone specimens from 80 human donors with and without T2D and/or CKD. Relationships with fracture toughness and other bone quality measures from a precursor study were assessed using Spearman correlations and multiple linear regression. Bulk collagen carbonyl content was not directly associated with collagen network connectivity or cortical bone fracture toughness. In contrast, intact collagen α-chain content emerged as an independent explanatory variable for stable crack-growth fracture toughness measures (adj-R 2 = 46.3%, p = .028) and was negatively associated with bulk collagen carbonyl content (r = -0.37, p < .001). These findings suggest that collagen α-chain integrity may provide insight into variation in cortical bone fracture resistance, whereas bulk collagen carbonyl content did not support the hypothesized direct oxidative damage pathway in this donor cohort.",JBMR plus,2026,10.1093/jbmrpl/ziag152,PMC13615536,Journal Article,early_risk,PubMed,other,supporting,1,early_risk=risk assessment; risk_factors=age; non_target_outcomes=fracture
42783393,Cardiometabolic Risk Factors and Domain-Specific Cognitive Function in Prediabetes and Type 2 Diabetes.,"Background: Cardiometabolic risk factors are increasingly recognised as contributors to cognitive decline, yet their associations with domain-specific cognitive performance in adults with prediabetes or well-controlled type 2 diabetes (T2DM) remain poorly characterised. Methods: This cross-sectional study included 49 adults with prediabetes or well-controlled T2DM (managed by diet or metformin alone; HbA1c < 8%). Cognitive function was assessed using the Cambridge Neuropsychological Test Automated Battery (CANTAB), Trail Making Tests (TMTs) parts A and B, Stroop, and Digit Symbol Substitution Test (DSST). Multivariable linear regression examined associations between cardiometabolic predictors (adiposity [DXA], glycaemic indices [OGTT], and serum lipids) and cognitive outcomes, adjusting for age, BMI, and education. Results: Higher HbA1c was independently associated with increased false alarms on the rapid visual processing task (RVPPFA; β = 0.04 [95% CI 0.01, 0.07]; p = 0.015); fasting and 2 h glucose were not associated with any cognitive measure. Higher triglycerides were associated with lower sustained attention accuracy (RVPA; β = -0.02 [95% CI -0.04, -0.004]; p = 0.016) and lower DSST scores (β = -4.61 [95% CI -8.81, -0.40]; p = 0.033). Higher HDL cholesterol was independently associated with better sustained attention (RVPA; β = 0.08 [95% CI 0.02, 0.15]; p = 0.017). No consistent associations were found between adiposity measures and any cognitive outcome, with no effect modification by sex or diabetes status (all Pinteraction > 0.05). Conclusions: In cognitively healthy adults with prediabetes or well-controlled T2DM, higher HbA1c and triglycerides and lower HDL were associated with poorer domain-specific cognitive performance in the absence of overt cognitive impairment. Larger longitudinal studies are needed to establish whether these associations represent early cognitive changes and to determine whether reducing cardiometabolic risk can preserve cognitive function.","Medical sciences (Basel, Switzerland)",2026,10.3390/medsci14050520,PMC13609006,Journal Article,prediabetes_progression,PubMed,core_population,supporting,13,"population=prediabetes; early_risk=prediabetes; glycemic=hba1c,ogtt; risk_factors=age,bmi,diet; non_target_outcomes=cognitive decline,cognitive function"
42784439,Factors Associated With Falls Among the Elderly With Type 2 Diabetes in Urban Shanghai: A Cross-Sectional Study.,"AIM: This study is aimed at identifying the factors associated with falls among community-dwelling elderly individuals with Type 2 diabetes mellitus (T2DM) in urban Shanghai, China. METHODS: The study analyzed data from 842 diabetic patients aged 60 years or older. Information about associated factors and main outcome measures was collected using structured questionnaires. Chi-square tests and binary logistic regression were used to identify factors associated with falls. RESULTS: Among the participants, 239 (28.4%) experienced at least one fall and 41 (17.2%) of these fallers had recurrent falls in the past 1 year. Univariate analysis identified a range of potential factors for falls, including physical impairments (e.g., dizziness, fatigue, unsteadiness), psychological factors (e.g., depression, activity restriction due to fear of falling), and adverse lifestyle factors (e.g., inactivity, poor sleep, frequent nocturia) (p < 0.05). Logistic regression analysis revealed that balance test score (OR = 1.687, 95% CI: 1.162-2.447, p = 0.006), PHQ-9 depression category (OR = 1.663, 95% CI: 1.028-2.691, p = 0.038) and activity restriction due to fear of falling (OR = 2.503, 95% CI: 1.752-3.575, p < 0.001) were independently associated with falls. For recurrent falls, activity restriction due to fear of falling remained significantly associated across models (OR range: 2.045-2.165, p < 0.05). CONCLUSION: Falls were common among elderly diabetic residents in urban Shanghai, and multiple factors were identified as potential correlates. Our findings support the use of multidomain screening to identify high-risk individuals for falls and to inform targeted assessment approaches, warranting further prospective investigations.",Journal of diabetes research,2026,10.1155/jdr/8624656,PMC13606027,Journal Article,screening,PubMed,other,supporting,-3,"early_risk=screening; risk_factors=age; non_target_outcomes=depression,falls"
42764545,Dolutegravir Is Associated With Lower Odds of Gestational Diabetes Compared to Other Antiretroviral Therapy Regimens Among Pregnant Women in India: A Cross-Sectional Analysis.,"INTRODUCTION: In non-pregnant adults living with HIV, dolutegravir is associated with weight gain and increased type 2 diabetes risk. In pregnancy, data on the effect of dolutegravir on gestational diabetes (GDM) risk is inconclusive. Data are particularly limited in Asian populations, where diabetes risk is especially high and not always associated with weight gain. We examined the association of dolutegravir with GDM among women living with HIV in India. METHODS: We combined data from two cohorts of pregnant women living with HIV conducted at BJ Government Medical College in Pune, India-the PRACHITi study (2016-2019) and the PRAGATHi study (2023-present). Women were screened for GDM with the fasting 2-h 75 g oral glucose tolerance test and diagnosed by World Health Organization criteria. Demographics, anthropometrics, antiretroviral therapy (ART), CD4 count and HIV viral load were collected at screening. Multivariate logistic regression was used to determine the association between current dolutegravir use and GDM. RESULTS: Of 254 women living with HIV, 99.2% (n = 252) were on ART, of whom 66.3% (n = 167) were on dolutegravir-, 22.6% (n = 57) were on efavirenz- and 6.3% (n = 16) were on protease inhibitor (PI)-based ART. Overall, median CD4 count was 549.5 cells/mm3 (IQR 401-753), and 82.2% (n = 198) had undetectable viral load. Median body-mass index (BMI) was 21.3 kg/m2 (IQR 19.4-23.8). The prevalence of GDM was 11.8% (N = 30). Among women on dolutegravir-based ART, the prevalence was 10.8% (N = 18); among women on efavirenz-based ART, the prevalence was 12.3% (N = 7), and the prevalence was 25% (N = 4) among women on PI-based ART. Compared to women not taking dolutegravir, women taking dolutegravir had similar age and BMI but greater weight gain from the second to the third trimester (3.7 vs. 2.9 kg, p <0.01) and infant birthweight percentile (14.2 vs. 6.9, p <0.01). On multivariate logistic regression, dolutegravir use was associated with lower odds of GDM than other ART (aOR 0.2, 95% CI 0.1-1.0) irrespective of viral load and time on ART. Older age (aOR 1.1, 95% CI 1.1-1.2) and second-trimester BMI (aOR 1.2 per kg/m2, 95% CI 1.1-1.3) were also associated with GDM. CONCLUSIONS: Women on dolutegravir had lower odds of GDM compared to women taking other ART, despite greater weight gain. Ongoing studies are investigating the possible anti-inflammatory mechanisms.",Journal of the International AIDS Society,2026,10.1002/jia2.70200,PMC13591013,Journal Article,screening,PubMed,special_population,supporting,11,"population=diabetes risk; special_population=gestational diabetes,hiv,pregnancy,pregnant women; early_risk=diabetes risk,screening; glycemic=oral glucose tolerance,oral glucose tolerance test; risk_factors=age,bmi"
42798868,Episodic hypercortisolemia-mediated periods of worsening hyperglycemia in cyclic Cushing syndrome.,"Cyclic Cushing syndrome (CCS) is a rare subtype of Cushing syndrome (CS) characterized by hypercortisolism alternating with periods of physiologic or even low cortisol secretion. Most patients with CCS present with clinical signs of CS; however, in some patients, signs of hypercortisolism may be subtle or even absent. The fluctuating clinical picture and discrepant biochemical findings make CCS difficult to diagnose. We describe a case of a 70-year-old man with well-controlled type 2 diabetes mellitus who experienced recurrent, spontaneous hypercortisolemic episodes resulting in worsening and difficult-to-control hyperglycemia, followed by eucortisolemic phases during which his glycemic control rapidly returned to baseline. Further biochemical evaluation revealed intermittent hypercortisolemia without a clearly identifiable source of an adrenocorticotropic hormone secreting lesion. Data from his continuous glucose monitoring system (CGMS) proved pivotal in detecting the hypercortisolemic phases and tailoring management. After declining bilateral adrenalectomy and opting for a block-and-replace regimen with osilodrostat and hydrocortisone, he was able to anticipate and initiate this treatment based on his CGMS readings, facilitating improved glycemic control during these periods. This case highlights the diagnostic complexity of CCS and the utility of CGMS as both a monitoring tool and treatment guide for CCS in patients with concurrent type 2 diabetes mellitus.",JCEM case reports,2026,10.1210/jcemcr/luag279,PMC13613223,Case Reports; Journal Article,diagnosis,PubMed,other,supporting,1,risk_factors=age
42786007,"Current antiretrovirals, hyperglycemia, and type 2 diabetes in people with HIV.","People with HIV (PWH) are now effectively treated with antiretroviral therapy, including integrase strand transfer inhibitors (INSTIs) and nucleoside reverse transcriptase inhibitors (NRTIs). In the context of the global obesity epidemic, cardiometabolic complications, including type 2 diabetes, are increasingly common in PWH. In this article, we address the potential diabetogenic role of some current antiretrovirals. Beyond classical risk factors, INSTIs could promote diabetes through weight gain and drug-specific effects. They can also, rarely, induce severe acute ketosis-prone hyperglycemia. Because INSTIs and some NRTIs could alter insulin and lipid levels, standard indices of insulin resistance may be unreliable. Diabetes management generally follows recommendations for the general population, with the use of glucagon-like peptide-1 receptor agonists and sodium glucose cotransporter 2 inhibitors to reduce glycated hemoglobin A1c, weight, and cardiometabolic risk.",Trends in endocrinology and metabolism: TEM,2026,10.1016/j.tem.2026.09.001,,Journal Article; Review,hba1c,PubMed,special_population,supporting,5,"population=general population; special_population=hiv; glycemic=glycated hemoglobin; risk_factors=age,insulin resistance,obesity; review_type=recommendations"
42714766,Gestational weight loss relative to prepregnancy weight in women with gestational diabetes: impact on maternal and neonatal outcomes.,"PURPOSE: Gestational weight loss (GWL) of overweight or obese women with gestational diabetes (GDM) during the third trimester has been associated with lower risk of macrosomia, caesarean delivery (CS) or neonatal intensive care unit (NICU) admission but with higher risk of preterm delivery (PTD) and small-for-gestational-age (SGA). We studied the association between GWL during the whole pregnancy and perinatal outcomes. METHODS: We conducted a retrospective study of the Portuguese national GDM database including all women with singleton pregnancies diagnosed by 24-28 week OGTT (oral glucose tolerance test) who delivered a liveborn infant and had recorded perinatal outcomes and gestational weight change. GWL was defined as weight loss between the maternal weight at delivery and pregestational weight. RESULTS: Among 7768 women, 180 (2.3%) had GWL; they had higher BMI, more frequent family history of type 2 diabetes, previous GDM, chronic hypertension, multiparity, higher fasting OGTT glucose and more frequent metformin treatment than women without GWL. GWL was associated with higher odds of PTD (OR 2.35, 95%CI 1.40-3.97, p- value = 0.001) and SGA (2.71, 1.70-4.33, p-value < 0.001) and lower odds of CS (0.62, 0.44-0.88, p-value = 0.006) and LGA (0.40, 0.22-0.70, p-value = 0.002), with non significant associations for HDP, NH, RDS and NICU admission. CONCLUSION: GWL was uncommon among women with GDM and was associated with over 2.3-fold higher risk of PTD, 2.7-fold higher risk of SGA newborns, and a 48% lower risk of CS and 60% lower risk of LGA infants.",Endocrine,2026,10.1007/s12020-026-04768-4,6888512,Journal Article,oral_glucose_tolerance,PubMed,special_population,supporting,9,"special_population=gestational diabetes,pregnancy; glycemic=ogtt,oral glucose tolerance,oral glucose tolerance test; risk_factors=age,bmi,family history,hypertension,overweight; prevention=weight loss"
42708616,Postpartum Glycaemic Phenotype and Continuous Glucose Monitoring at 4-6 Years After Gestational Diabetes Defined by Different Diagnostic Criteria.,"AIM: To characterise glycaemic outcomes 4-6 years postpartum according to gestational diabetes mellitus (GDM) diagnostic thresholds and evaluate whether continuous glucose monitoring (CGM) identifies differences not captured by conventional clinical measures. METHODS: Women recruited before and after introduction of WHO GDM criteria were followed at 4 and 6 years postpartum. At each follow-up, participants underwent oral glucose tolerance testing (OGTT), HbA1c measurement, body composition assessment and 14-day CGM. Based on pregnancy OGTT results and the diagnostic criteria in use at the time of testing, women were classified as meeting EASD 1991 criteria (GDMOLD; higher glucose thresholds), meeting WHO 2013 criteria but not EASD 1991 without diagnosis and treatment (GDMWHO-) or meeting WHO 2013 criteria with diagnosis and treatment (GDMWHO+). RESULTS: Women classified as GDMOLD had higher fasting glucose at both follow-ups compared with women meeting only WHO 2013 criteria, and showed greater hyperglycaemic exposure and glycaemic variability on CGM. Time above range, coefficient of variation and mean amplitude of glycaemic excursions were consistently higher in GDMOLD group, and differences remained significant after adjustment for pregnancy glucose levels. Within the WHO-defined groups, conventional clinical measures did not differ between women with and without a GDM diagnosis, whereas CGM detected modest differences in mean glucose and time above range over time. Approximately 50% of women meeting only WHO 2013 criteria had prediabetes. CGM metrics were strongly associated with OGTT-derived glucose and HbA1c but only weakly with anthropometric and blood lipid measures. BMI and body fat percentage did not differ between groups. CONCLUSIONS: Long-term glycaemic risk aligns with diagnostic thresholds used during pregnancy. Women diagnosed by older, higher thresholds exhibit a persistently less favourable glycaemic profile. Women meeting the lower WHO 2013 glucose thresholds represent a large group with a high prevalence of prediabetes, regardless of diagnosis during pregnancy. CGM detects modest differences in free-living glycaemic patterns not apparent from conventional clinical measures.",Journal of diabetes research,2026,10.1155/jdr/7103883,PMC13552220,Journal Article,oral_glucose_tolerance,PubMed,special_population,supporting,9,"population=prediabetes; special_population=gestational diabetes,gestational diabetes mellitus,postpartum,pregnancy; early_risk=prediabetes; glycemic=fasting glucose,hba1c,ogtt,oral glucose tolerance,oral glucose tolerance test; risk_factors=age,bmi"
42786919,Productivity loss associated with type 2 diabetes in China: the trend and projection from 1990 to 2050.,"BACKGROUND: Type 2 diabetes (T2D) has become increasingly prevalent among young adults in their prime working years. This study aimed to estimate the productivity-adjusted life years (PALYs) loss associated with T2D among working-age Chinese adults from 1990 to 2021, with projections to 2050. METHODS: Leveraging data from the Global Burden of Disease (GBD) 2021 database, the United Nations, and the China Chronic Disease and Risk Factors Surveillance study, we quantified individual- and population-level PALYs loss associated with T2D between 1990 and 2021 and projected trends through 2050 using a projection model. Loss of PALYs was calculated by combining productivity losses from excess mortality (years of life lost, YLL) with reductions in labour force participation, presenteeism, and absenteeism (years of productivity lost, YPL). Gross domestic product (GDP) loss was estimated by valuing each lost PALY using China's annual GDP per worker. RESULTS: In 2021, 39.8 million working-age Chinese men and 23.3 million women had T2D. Over their working lifetime, T2D was associated with 53.42 (95% uncertainty interval (UI) = 51.25-55.59) million PALYs loss in men and 33.56 (95% UI = 31.59-35.52) million in women, equivalent to 1.34 (95% UI = 1.29-1.40) and 1.44 (95% UI = 1.36-1.53) PALYs loss per man and woman, respectively. Loss of GDP reached USD 1035.31 billion for men and USD 650.38 billion for women. Total PALYs loss is projected to increase from 1990 to 2050, although per-person losses decline in both sexes. Women with T2D experience greater per-person PALYs loss than men in 2030 and 2050. CONCLUSIONS: T2D among working-age population is associated with substantial PALY and economic losses, underscoring urgent need for targeted interventions.",Journal of global health,2026,10.7189/jogh.16.04310,PMC13613105,Journal Article,risk_factors,PubMed,other,supporting,1,risk_factors=age
42783509,"Glucagon-like Peptide-1 Receptor Agonists Are Not Associated with Increased Risk of Acute Pancreatitis or Pancreatic Complications, Including Pancreatic Cancer, in Type 2 Diabetes: A Global Propensity-Matched Cohort Study.","Introduction: Association between glucagon-like peptide-1 receptor agonists (GLP-1 RAs) and pancreatitis and its long-term complications remains controversial. Using a global electronic health record database, we evaluated pancreatic outcomes following GLP-1 RA initiation in adults with type 2 diabetes mellitus (T2DM). Methods: Adults aged ≥18 years who were alive at the index date; T2DM patients initiating GLP-1 RAs between 2013 and 2025 were identified in the TriNetX network and compared with patients initiating sodium-glucose cotransporter-2 inhibitors (SGLT2i). Sensitivity analyses included comparisons with other second-line diabetes therapies, excluding dipeptidyl peptidase-4 inhibitors, and analyses were restricted to U.S.-based health care organizations. Patients with pre-existing pancreatic conditions were excluded. Cohorts were propensity score-matched for treatment indications, pancreatitis risk factors, and demographics. Kaplan-Meier and Cox proportional hazard models evaluated acute pancreatitis (overall and biliary), chronic pancreatitis, pancreatic pseudocyst, and pancreatic cancer. Results: After matching, 291,152 patients were included in each cohort. GLP-1 RA initiation was not associated with an increased hazard of overall acute pancreatitis compared with SGLT2i initiation (HR 1.095; 95% CI 0.996-1.204), with concordant Kaplan-Meier analyses. A modest, etiology-specific increase in biliary acute pancreatitis was observed in the primary comparison (HR 1.276; 95% CI 1.010-1.612) but was not consistent across sensitivity analyses. No differences were observed in the risks of pancreatic pseudocyst (HR 0.729; 95% CI 0.525-1.014) or pancreatic cancer (HR 1.069; 95% CI 0.940-1.215). Results were similarly consistent in sensitivity analyses. Conclusion: GLP-1 RAs are not associated with an increased risk of acute pancreatitis, pancreatitis-related complications, or pancreatic cancer in T2DM adults; a modest biliary pancreatitis signal was observed, but was not consistent across sensitivity analyses.",Journal of personalized medicine,2026,10.3390/jpm16090478,PMC13608214,Journal Article,risk_factors,PubMed,special_population,supporting,-6,special_population=pancreatitis; established_t2d=adults with type 2 diabetes; risk_factors=age; non_target_outcomes=cancer
42749101,Risk Factors and Definition of Younger-Onset Metabolic Dysfunction-Associated Steatotic Liver Disease (MASLD) Cirrhosis.,"BACKGROUND & AIMS: Cirrhosis from metabolic dysfunction-associated steatotic liver disease (MASLD) usually develops with advancing age, yet a subset of patients presents at younger ages. We examined genetic and metabolic factors associated with younger-onset MASLD cirrhosis. APPROACH AND RESULTS: Adults with biopsy-proven MASLD enrolled in the NASH CRN were included. DNA was genotyped, and a genetic risk score (GRS) was calculated as the sum of risk alleles in PNPLA3 and TM6SF2 plus the wild-type HSD17B13 allele, dichotomized at the median (low vs high), in addition to evaluation of previously published weighted GRSs. Younger-onset cirrhosis was defined as the youngest quartile among participants with cirrhosis. Multivariable logistic regression evaluated factors associated with younger-onset cirrhosis. Among 2,395 participants, 234 (9.8%) had MASLD cirrhosis (median age 58.4 years, body mass index (BMI) 34.9 kg/m2, 66% with type 2 diabetes mellitus [T2DM]). Younger-onset cirrhosis was defined as the lowest quartile, which was <50 years and was associated with a lower prevalence of the protective HSD17B13 variant (24% vs 34%, p=0.004). Compared with non-cirrhotic MASLD participants under 50 years (n=999), those with cirrhosis more often had T2DM, BMI ≥35kg/m2, higher alkaline phosphatase, and lower ALT. In multivariable models adjusting for demographic and metabolic factors, high GRS (OR 2.33, 95%CI: 1.26-4.23; p=0.006) and T2DM (OR 3.74, 95%CI: 2.08-6.82; p<0.001) remained independently associated with cirrhosis under age 50. CONCLUSIONS: One-quarter of participants with MASLD cirrhosis present before age 50 years and have distinct features, including higher genetic risk and a greater prevalence of T2DM.",Clinical gastroenterology and hepatology : the official clinical practice journal of the American Gastroenterological Association,2026,10.1016/j.cgh.2026.08.033,,Journal Article,risk_prediction,PubMed,other,supporting,3,"early_risk=risk score; risk_factors=age,bmi,body mass index; non_target_outcomes=cirrhosis"
42722448,Diabetes related genetics and outcomes after total pancreatectomy with islet autotransplantation.,"CONTEXT: Approximately 20% of patients with chronic pancreatitis achieve insulin independence one year after total pancreatectomy with islet autotransplantation (TPIAT), an outcome associated with younger age and lower pre-transplant HbA1c. The contribution of diabetes-related genetics to TPIAT outcomes is unknown. Genetic risk scores (GRS) are associated with C-peptide levels in type 1 (T1D) and type 2 (T2D) diabetes. OBJECTIVE: To evaluate whether T1D and T2D GRS and partitioned metabolic polygenic scores (PGS) are associated with diabetes before TPIAT and metabolic outcomes one year after transplant. METHODS: We genotyped 318 patients with chronic pancreatitis undergoing TPIAT in the multicenter ""Advancing Treatment for Pancreatitis: A Prospective Observational Study of TPIAT"" using a global screening array. Regression models assessed associations of T1D- and T2D-GRS and metabolic PGS with diabetes outcomes one year after TPIAT. RESULTS: Participants were 29±17 years old, 61% female, 84% non-Hispanic White, and 13% had diabetes prior to transplant. T2D-GRS was higher among those with pre-TPIAT diabetes (-0.6±0.3 versus -0.8±0.2, p=0.003) and was associated with higher pre-transplant HbA1c (β=0.19 % per 1-SD [95% CI:0.04, 0.33], p = 0.011). Adjusted for genotype-derived ancestry and islet equivalents/kg, the beta-cell PGS was associated with higher insulin dose (β=0.05 units/kg/day per 1-SD, [95%CI:0.01, 0.09], p=0.016) and higher insulin dose adjusted A1c (IDAA1c) (β=0.34[95%CI:0.03, 0.67], p=0.029) 1-year post-transplant. The lipodystrophy PGS was associated with higher IDAA1c (β=0.38 [95%CI:0.06, 0.69], p=0.019) and lower fasting C-peptide (β=-0.09 [95%CI:-0.18, 0], p=0.041) at 1 year. CONCLUSIONS: T2D genetic risk is associated with diabetes prior to TPIAT, and beta cell and lipodystrophy PGS are associated with post-TPIAT diabetes outcomes. Diabetes-related genetics may influence transplantation outcomes and inform metabolic heterogeneity.",The Journal of clinical endocrinology and metabolism,2026,10.1210/clinem/dgag355,,Journal Article,risk_prediction,PubMed,special_population,supporting,8,"special_population=pancreatitis; early_risk=risk score,screening; glycemic=hba1c; risk_factors=age"
42758555,Association between Glycemic Control and Survival in Patients with Type 2 Diabetes on Peritoneal Dialysis: Results from the PDOPPS.,"BACKGROUND: Diabetes is the leading cause of kidney failure globally affecting 40% of people receiving peritoneal dialysis (PD). High quality data on the potential impact of improving glycemic control is needed to inform the current recommendations to individualise HbA1C targets. METHODS: Data from eight countries in the prospective cohort Peritoneal Dialysis Outcomes and Practice Patterns Study (2014-2022) was used to assess the association between baseline HbA1C and all-cause mortality in people with Type 2 diabetes on PD for at least 90 days. Cox proportional hazards model adjusted for potential confounders assessed the relationship in the whole cohort and subgroups. Using inverse probability weighting, an average treatment effect in the treated analysis further investigated potential implications of improved glycemic control. RESULTS: HbA1C was measured at least once in 8,436 patients during a mean follow-up of 16 months. Compared with HbA1C≤8%, HbA1C>8% was associated with higher risk of all-cause mortality in the cohort as a whole (HR 1.18 p=0.02 95%CI 1.03-1.35) and within subgroups; aged <65years (HR 1.28 p=0.01 95% CI1.05-1.56), average albumin >3.0g/dL (HR 1.25 p=0.004 95% CI 1.07-1.46), no pre-existing coronary artery disease (HR 1.24 p=0.008 95% CI 1.06-1.46), haemoglobin <10g/L (HR 1.50 p=0.01 95% CI 1.09-2.07) and PD vintage <1year (HR 1.22 p=0.02 95% CI 1.03-1.45). The projected survival advantage at 3 years for those with HbA1C≤8% compared with >8% was 7% overall, increasing to 12% in younger cohorts (aged <65years). The largest predicted absolute survival advantage of 16% (78% versus 61%) was seen in those aged <65, with a normal serum albumin and no history of coronary artery disease. CONCLUSIONS: Associations between HbA1C and mortality argue for tighter individualised targets for patient subgroups (younger, non-inflamed, without established CAD). Our weighted analysis suggests improved glycemic control (reducing HbA1C to <8%) may result in an absolute reduction in mortality at three years of up to 12% in younger cohorts.",Clinical journal of the American Society of Nephrology : CJASN,2026,10.2215/CJN.0000001200,,Journal Article,clinical_guidelines,PubMed,established_t2d,supporting,-3,"established_t2d=patients with type 2 diabetes,people with type 2 diabetes; glycemic=hba1c; risk_factors=age; review_type=recommendations"
42750677,How to improve uptake and adherence to dietary trials in gestational diabetes amongst South Asian women: insights from patient and public involvement and engagement.,"BACKGROUND: Gestational diabetes mellitus (GDM) is associated with adverse maternal and neonatal outcomes and affects approximately 10-20% of pregnancies in the UK. The prevalence of GDM among South Asian women is around twice that of White British women, and they are also twice as likely to develop type 2 diabetes following diagnosis. Although multiple dietary interventions have been explored to improve glycaemic control in GDM, no single dietary approach has proven consistently effective in improving health outcomes.We conducted a patient and public involvement and engagement (PPIE) activity with South Asian women to inform a trial evaluating the acceptability, feasibility, and safety of an intermittent low-energy diet (ILED) in GDM. PPIE input was particularly valuable in addressing lower-than-anticipated recruitment and retention, especially among South Asian women, and provided insights into sociocultural barriers and facilitators to improve trial design and participation. METHODS: Six South Asian women with lived experience of overweight or obesity in pregnancy, either personally affected by gestational diabetes or with close family experience, participated in one-to-one discussions lasting up to 60 minutes to provide feedback on trial procedures, methods, and design. Based on these insights, a follow-up discussion group was conducted with eleven South Asian women who had been pregnant in the last five years, were currently pregnant, or planning pregnancy, and who had experience of overweight/obesity or GDM. Key priorities were identified and translated into practical action points to inform ongoing research. CONCLUSIONS: Three key priorities emerged as a potential means of enhancing engagement with South Asian women: addressing vulnerability (including trust and loss of control), improving accessibility, and reducing mental load (including competing priorities, emotional wellbeing, and family influence).",NIHR open research,2026,10.3310/nihropenres.14303.2,PMC13575402,Journal Article,clinical_guidelines,PubMed,special_population,supporting,3,"population=develop type 2 diabetes; special_population=gestational diabetes,gestational diabetes mellitus,pregnancy; risk_factors=age,diet,dietary,obesity,overweight; prevention=dietary intervention"
